"vtran","ekatransitif","mencintai"
"vtran","ekatransitif","menyayangi"
"vtran","ekatransitif","menyantap"
"vtran","ekatransitif","menangkap"
"vtran","ekatransitif","belilah"
"vtran","ekatransitif","butuh"
"vtran","ekatransitif","kehilangan"
"vtran","ekatransitif","lakukan"
"vtran","ekatransitif","melahirkan"
"vtran","ekatransitif","melaksanakan"
"vtran","ekatransitif","melakukan"
"vtran","ekatransitif","melampaui"
"vtran","ekatransitif","melancarkan"
"vtran","ekatransitif","melanggar"
"vtran","ekatransitif","melanjutkan"
"vtran","ekatransitif","melapor"
"vtran","ekatransitif","melaporkan"
"vtran","ekatransitif","melawan"
"vtran","ekatransitif","melayani"
"vtran","ekatransitif","melebihi"
"vtran","ekatransitif","melengkapi"
"vtran","ekatransitif","melepas"
"vtran","ekatransitif","melepaskan"
"vtran","ekatransitif","meletakkan"
"vtran","ekatransitif","melibatkan"
"vtran","ekatransitif","melihat"
"vtran","ekatransitif","melimpahkan"
"vtran","ekatransitif","melindungi"
"vtran","ekatransitif","melingkari"
"vtran","ekatransitif","melintasi"
"vtran","ekatransitif","melumpuhkan"
"vtran","ekatransitif","melupakan"
"vtran","ekatransitif","memadukan"
"vtran","ekatransitif","memahami"
"vtran","ekatransitif","memajukan"
"vtran","ekatransitif","memakai"
"vtran","ekatransitif","memaksa"
"vtran","ekatransitif","memandang"
"vtran","ekatransitif","memanfaatkan"
"vtran","ekatransitif","memanggil"
"vtran","ekatransitif","memasok"
"vtran","ekatransitif","memastikan"
"vtran","ekatransitif","memasukan"
"vtran","ekatransitif","memasuki"
"vtran","ekatransitif","memasukkan"
"vtran","ekatransitif","mematuhi"
"vtran","ekatransitif","membahas"
"vtran","ekatransitif","membahayakan"
"vtran","ekatransitif","membakar"
"vtran","ekatransitif","membalaskan"
"vtran","ekatransitif","membandingkan"
"vtran","ekatransitif","membangun"
"vtran","ekatransitif","membantu"
"vtran","ekatransitif","membaptis"
"vtran","ekatransitif","membatalkan"
"vtran","ekatransitif","membatasi"
"vtran","ekatransitif","membawa"
"vtran","ekatransitif","membayangkan"
"vtran","ekatransitif","membayar"
"vtran","ekatransitif","membedakan"
"vtran","ekatransitif","membela"
"vtran","ekatransitif","membeli"
"vtran","ekatransitif","membenarkan"
"vtran","ekatransitif","membentuk"
"vtran","ekatransitif","memberantas"
"vtran","ekatransitif","memberhentikan"
"vtran","ekatransitif","memberi"
"vtran","ekatransitif","memberikan"
"vtran","ekatransitif","memberitahukan"
"vtran","ekatransitif","memberitakan"
"vtran","ekatransitif","membersihkan"
"vtran","ekatransitif","membesarkan"
"vtran","ekatransitif","membetulkan"
"vtran","ekatransitif","membiayai"
"vtran","ekatransitif","membicarakan"
"vtran","ekatransitif","membina"
"vtran","ekatransitif","memblokir"
"vtran","ekatransitif","membuahkan"
"vtran","ekatransitif","membuat"
"vtran","ekatransitif","membubarkan"
"vtran","ekatransitif","membuka"
"vtran","ekatransitif","membuktikan"
"vtran","ekatransitif","membunuh"
"vtran","ekatransitif","membutuhkan"
"vtran","ekatransitif","memecahkan"
"vtran","ekatransitif","memegang"
"vtran","ekatransitif","memelihara"
"vtran","ekatransitif","memeluk"
"vtran","ekatransitif","memenangkan"
"vtran","ekatransitif","memenuhi"
"vtran","ekatransitif","memeriahkan"
"vtran","ekatransitif","memeriksa"
"vtran","ekatransitif","memerlukan"
"vtran","ekatransitif","memesan"
"vtran","ekatransitif","memetik"
"vtran","ekatransitif","memfasilitasi"
"vtran","ekatransitif","memfokuskan"
"vtran","ekatransitif","memfungsikan"
"vtran","ekatransitif","memicu"
"vtran","ekatransitif","memilih"
"vtran","ekatransitif","memiliki"
"vtran","ekatransitif","memimpin"
"vtran","ekatransitif","meminta"
"vtran","ekatransitif","memintakan"
"vtran","ekatransitif","memompa"
"vtran","ekatransitif","memotong"
"vtran","ekatransitif","mempelajari"
"vtran","ekatransitif","memperbaiki"
"vtran","ekatransitif","memperbarui"
"vtran","ekatransitif","memperberat"
"vtran","ekatransitif","memperburuk"
"vtran","ekatransitif","mempercepat"
"vtran","ekatransitif","memperebutkan"
"vtran","ekatransitif","memperhatikan"
"vtran","ekatransitif","memperhitungkan"
"vtran","ekatransitif","memperingati"
"vtran","ekatransitif","memperjuangkan"
"vtran","ekatransitif","memperkuat"
"vtran","ekatransitif","memperlancar"
"vtran","ekatransitif","memperlengkapi"
"vtran","ekatransitif","memperlihatkan"
"vtran","ekatransitif","memperluas"
"vtran","ekatransitif","mempermudah"
"vtran","ekatransitif","memperoleh"
"vtran","ekatransitif","mempersiapkan"
"vtran","ekatransitif","mempertahankan"
"vtran","ekatransitif","mempertanggungjawabkan"
"vtran","ekatransitif","mempertimbangkan"
"vtran","ekatransitif","mempresentasikan"
"vtran","ekatransitif","memprioritaskan"
"vtran","ekatransitif","memproduksi"
"vtran","ekatransitif","memproses"
"vtran","ekatransitif","memprotes"
"vtran","ekatransitif","mempunyai"
"vtran","ekatransitif","memuaskan"
"vtran","ekatransitif","memuat"
"vtran","ekatransitif","memudahkan"
"vtran","ekatransitif","memulai"
"vtran","ekatransitif","memulihkan"
"vtran","ekatransitif","memungkinkan"
"vtran","ekatransitif","memusatkan"
"vtran","ekatransitif","memvisualisasikan"
"vtran","ekatransitif","menaati"
"vtran","ekatransitif","menagih"
"vtran","ekatransitif","menahan"
"vtran","ekatransitif","menaikkan"
"vtran","ekatransitif","menambah"
"vtran","ekatransitif","menambahkan"
"vtran","ekatransitif","menampilkan"
"vtran","ekatransitif","menampung"
"vtran","ekatransitif","menandatangani"
"vtran","ekatransitif","menandingi"
"vtran","ekatransitif","menangani"
"vtran","ekatransitif","menanggulangi"
"vtran","ekatransitif","menarik"
"vtran","ekatransitif","menawarkan"
"vtran","ekatransitif","mencabut"
"vtran","ekatransitif","mencakup"
"vtran","ekatransitif","mencalonkan"
"vtran","ekatransitif","mencari"
"vtran","ekatransitif","mencatat"
"vtran","ekatransitif","mencegah"
"vtran","ekatransitif","mencerdaskan"
"vtran","ekatransitif","mencetak"
"vtran","ekatransitif","menciptakan"
"vtran","ekatransitif","mencoba"
"vtran","ekatransitif","mencurahkan"
"vtran","ekatransitif","mendaftarkan"
"vtran","ekatransitif","mendapat"
"vtran","ekatransitif","mendapatkan"
"vtran","ekatransitif","mendatangi"
"vtran","ekatransitif","mendekati"
"vtran","ekatransitif","mendekritkan"
"vtran","ekatransitif","mendengar"
"vtran","ekatransitif","mendepak"
"vtran","ekatransitif","menderegulasi"
"vtran","ekatransitif","menderita"
"vtran","ekatransitif","mendesak"
"vtran","ekatransitif","mendeskripsikan"
"vtran","ekatransitif","mendeteksi"
"vtran","ekatransitif","mendiagnosis"
"vtran","ekatransitif","mendirikan"
"vtran","ekatransitif","men"
"vtran","ekatransitif","menduduki"
"vtran","ekatransitif","mendukung"
"vtran","ekatransitif","menegakkan"
"vtran","ekatransitif","menegaskan"
"vtran","ekatransitif","menekan"
"vtran","ekatransitif","menekankan"
"vtran","ekatransitif","meneliti"
"vtran","ekatransitif","menelusuri"
"vtran","ekatransitif","menempati"
"vtran","ekatransitif","menemui"
"vtran","ekatransitif","menemukan"
"vtran","ekatransitif","menentukan"
"vtran","ekatransitif","menerangkan"
"vtran","ekatransitif","menerapkan"
"vtran","ekatransitif","menerima"
"vtran","ekatransitif","menertibkan"
"vtran","ekatransitif","meneruskan"
"vtran","ekatransitif","menetapkan"
"vtran","ekatransitif","mengadakan"
"vtran","ekatransitif","mengadili"
"vtran","ekatransitif","mengajar"
"vtran","ekatransitif","mengajukan"
"vtran","ekatransitif","mengakhiri"
"vtran","ekatransitif","mengakibatkan"
"vtran","ekatransitif","mengaktifkan"
"vtran","ekatransitif","mengakui"
"vtran","ekatransitif","mengalahkan"
"vtran","ekatransitif","mengalami"
"vtran","ekatransitif","mengalirkan"
"vtran","ekatransitif","mengambil"
"vtran","ekatransitif","menganalisa"
"vtran","ekatransitif","menganalisis"
"vtran","ekatransitif","mengancam"
"vtran","ekatransitif","mengandung"
"vtran","ekatransitif","menganggap"
"vtran","ekatransitif","mengangkat"
"vtran","ekatransitif","mengantisipasi"
"vtran","ekatransitif","mengarahkan"
"vtran","ekatransitif","mengarsiteki"
"vtran","ekatransitif","mengasah"
"vtran","ekatransitif","mengatakan"
"vtran","ekatransitif","mengatasi"
"vtran","ekatransitif","mengatur"
"vtran","ekatransitif","mengawasi"
"vtran","ekatransitif","mengayomi"
"vtran","ekatransitif","mengejar"
"vtran","ekatransitif","mengeksekusi"
"vtran","ekatransitif","mengeksplorasi"
"vtran","ekatransitif","mengekspor"
"vtran","ekatransitif","mengekstraksi"
"vtran","ekatransitif","mengekstrasi"
"vtran","ekatransitif","mengelola"
"vtran","ekatransitif","mengeluarkan"
"vtran","ekatransitif","mengembangkan"
"vtran","ekatransitif","mengemukakan"
"vtran","ekatransitif","mengenali"
"vtran","ekatransitif","mengendalikan"
"vtran","ekatransitif","mengerahkan"
"vtran","ekatransitif","mengetahui"
"vtran","ekatransitif","mengevaluasi"
"vtran","ekatransitif","menggabungkan"
"vtran","ekatransitif","menggaet"
"vtran","ekatransitif","menggambarkan"
"vtran","ekatransitif","menggandakan"
"vtran","ekatransitif","mengganggu"
"vtran","ekatransitif","mengganti"
"vtran","ekatransitif","menggantikan"
"vtran","ekatransitif","menggelar"
"vtran","ekatransitif","menggeser"
"vtran","ekatransitif","menggilas"
"vtran","ekatransitif","menggoda"
"vtran","ekatransitif","menggoyahkan"
"vtran","ekatransitif","menggugat"
"vtran","ekatransitif","menggunakan"
"vtran","ekatransitif","menggusur"
"vtran","ekatransitif","menghabiskan"
"vtran","ekatransitif","menghadap"
"vtran","ekatransitif","menghadapi"
"vtran","ekatransitif","menghalangi"
"vtran","ekatransitif","menghambat"
"vtran","ekatransitif","menghantam"
"vtran","ekatransitif","menghantarkan"
"vtran","ekatransitif","menghantui"
"vtran","ekatransitif","menghapus"
"vtran","ekatransitif","menghapuskan"
"vtran","ekatransitif","mengharapkan"
"vtran","ekatransitif","menghasilkan"
"vtran","ekatransitif","menghendaki"
"vtran","ekatransitif","menghentikan"
"vtran","ekatransitif","menghidrolisa"
"vtran","ekatransitif","menghilangkan"
"vtran","ekatransitif","menghimpun"
"vtran","ekatransitif","menghindari"
"vtran","ekatransitif","menghormati"
"vtran","ekatransitif","menghubungkan"
"vtran","ekatransitif","mengidentifikasi"
"vtran","ekatransitif","mengikut"
"vtran","ekatransitif","mengikuti"
"vtran","ekatransitif","mengikutsertakan"
"vtran","ekatransitif","mengikut"
"vtran","ekatransitif","mengimplementasikan"
"vtran","ekatransitif","mengindikasikan"
"vtran","ekatransitif","mengingat"
"vtran","ekatransitif","mengingatkan"
"vtran","ekatransitif","menginjak"
"vtran","ekatransitif","mengintensifkan"
"vtran","ekatransitif","menginventarisasi"
"vtran","ekatransitif","mengirim"
"vtran","ekatransitif","mengirimkan"
"vtran","ekatransitif","mengisi"
"vtran","ekatransitif","mengkaji"
"vtran","ekatransitif","mengklasifikasikan"
"vtran","ekatransitif","mengkoordinasikan"
"vtran","ekatransitif","mengkredit"
"vtran","ekatransitif","mengolah"
"vtran","ekatransitif","mengoleksi"
"vtran","ekatransitif","mengontrol"
"vtran","ekatransitif","mengoreksi"
"vtran","ekatransitif","menguasai"
"vtran","ekatransitif","mengubah"
"vtran","ekatransitif","mengujikan"
"vtran","ekatransitif","mengukur"
"vtran","ekatransitif","mengulang"
"vtran","ekatransitif","mengulas"
"vtran","ekatransitif","mengumumkan"
"vtran","ekatransitif","mengundang"
"vtran","ekatransitif","mengungkapkan"
"vtran","ekatransitif","mengunjungi"
"vtran","ekatransitif","menguntungkan"
"vtran","ekatransitif","menguraikan"
"vtran","ekatransitif","mengurangi"
"vtran","ekatransitif","mengurungkan"
"vtran","ekatransitif","mengurus"
"vtran","ekatransitif","mengusahakan"
"vtran","ekatransitif","mengusulkan"
"vtran","ekatransitif","menikmati"
"vtran","ekatransitif","menimbulkan"
"vtran","ekatransitif","meninggalkan"
"vtran","ekatransitif","meningkatkan"
"vtran","ekatransitif","meniru"
"vtran","ekatransitif","menjaga"
"vtran","ekatransitif","menjajaki"
"vtran","ekatransitif","menjalani"
"vtran","ekatransitif","menjalankan"
"vtran","ekatransitif","menjamin"
"vtran","ekatransitif","menjangkau"
"vtran","ekatransitif","menjanjikan"
"vtran","ekatransitif","menjembatani"
"vtran","ekatransitif","menjual"
"vtran","ekatransitif","menjunjung"
"vtran","ekatransitif","menolak"
"vtran","ekatransitif","menolong"
"vtran","ekatransitif","menormalkan"
"vtran","ekatransitif","mensintesis"
"vtran","ekatransitif","mensinyalir"
"vtran","ekatransitif","menugaskan"
"vtran","ekatransitif","menukangi"
"vtran","ekatransitif","menunggu"
"vtran","ekatransitif","menunjang"
"vtran","ekatransitif","menunjuk"
"vtran","ekatransitif","menunjukkan"
"vtran","ekatransitif","menuntut"
"vtran","ekatransitif","menurunkan"
"vtran","ekatransitif","menyadari"
"vtran","ekatransitif","menyaksikan"
"vtran","ekatransitif","menyalurkan"
"vtran","ekatransitif","menyampaikan"
"vtran","ekatransitif","menyandang"
"vtran","ekatransitif","menyatakan"
"vtran","ekatransitif","menyebabkan"
"vtran","ekatransitif","menyebarkan"
"vtran","ekatransitif","menyebarluaskan"
"vtran","ekatransitif","menyebutkan"
"vtran","ekatransitif","menyediakan"
"vtran","ekatransitif","menyelenggarakan"
"vtran","ekatransitif","menyelesaikan"
"vtran","ekatransitif","menyemarakkan"
"vtran","ekatransitif","menyempurnakan"
"vtran","ekatransitif","menyerahkan"
"vtran","ekatransitif","menyerang"
"vtran","ekatransitif","menyetujui"
"vtran","ekatransitif","menyewa"
"vtran","ekatransitif","menyiapkan"
"vtran","ekatransitif","menyiarkan"
"vtran","ekatransitif","menyimpan"
"vtran","ekatransitif","menyingkirkan"
"vtran","ekatransitif","menyudahi"
"vtran","ekatransitif","menyusun"
"vtran","ekatransitif","meradiasi"
"vtran","ekatransitif","merahasiakan"
"vtran","ekatransitif","meraih"
"vtran","ekatransitif","merampas"
"vtran","ekatransitif","merangkap"
"vtran","ekatransitif","merangsang"
"vtran","ekatransitif","merayakan"
"vtran","ekatransitif","merebut"
"vtran","ekatransitif","mereduksi"
"vtran","ekatransitif","merekam"
"vtran","ekatransitif","merekomendasikan"
"vtran","ekatransitif","merendahkan"
"vtran","ekatransitif","merepresentasikan"
"vtran","ekatransitif","merilis"
"vtran","ekatransitif","merubah"
"vtran","ekatransitif","merugikan"
"vtran","ekatransitif","merujuk"
"vtran","ekatransitif","merumuskan"
"vtran","ekatransitif","merusak"
"vtran","ekatransitif","merusakkan"
"vtran","ekatransitif","mewajibkan"
"vtran","ekatransitif","mewakili"
"vtran","ekatransitif","mewujudkan"
"vtran","ekatransitif","perkuat"
"vtran","ekatransitif","punya"
"vtran","ekatransitif","sengaja"
"vtran","ekatransitif","tinggal"
"vtran","ekatransitif","belajar"
"vtran","ekatransitif","makan"
"vtran","ekatransitif","memakan"
"vtran","ekatransitif","memajukannya"
"vtran","ekatransitif","membaca"
"vtran","ekatransitif","mempengaruhi"
"vtran","ekatransitif","mendiaminya"
"vtran","ekatransitif","mendorong"
"vtran","ekatransitif","menghukumnya"
"vtran","ekatransitif","mengukuhkan"
"vtran","ekatransitif","menjelaskan"
"vtran","ekatransitif","menulis"
"vtran","ekatransitif","menyusunnya"
"vtran","ekatransitif","minum"
"vtran","dwitransitif","anggap"
"vtran","dwitransitif","memanggil"
"vtran","dwitransitif","mematok"
"vtran","dwitransitif","membelikan"
"vtran","dwitransitif","memberitahukan"
"vtran","dwitransitif","membuat"
"vtran","dwitransitif","memerintahkan"
"vtran","dwitransitif","menamai"
"vtran","dwitransitif","menawari"
"vtran","dwitransitif","mencarikan"
"vtran","dwitransitif","mengalahkan"
"vtran","dwitransitif","mengecat"
"vtran","dwitransitif","menghadapinya"
"vtran","dwitransitif","menilai"
"vtran","dwitransitif","menimbulkan"
"vtran","dwitransitif","menjungkalkan"
"vtran","dwitransitif","menuduh"
"vtran","dwitransitif","menugaskan"
"vtran","dwitransitif","belajar"
"vtran","dwitransitif","makan"
"vtran","dwitransitif","memajukannya"
"vtran","dwitransitif","membaca"
"vtran","dwitransitif","mempengaruhi"
"vtran","dwitransitif","mendiaminya"
"vtran","dwitransitif","mendorong"
"vtran","dwitransitif","menghukumnya"
"vtran","dwitransitif","mengukuhkan"
"vtran","dwitransitif","menjelaskan"
"vtran","dwitransitif","menulis"
"vtran","dwitransitif","menyusunnya"
"vtran","dwitransitif","minum"
"vintr","berpelengkap","adapun"
"vintr","berpelengkap","benci"
"vintr","berpelengkap","berada"
"vintr","berpelengkap","berakhlak"
"vintr","berpelengkap","berakibat"
"vintr","berpelengkap","beranggotakan"
"vintr","berpelengkap","berasal"
"vintr","berpelengkap","berasaskan"
"vintr","berpelengkap","berbagi"
"vintr","berpelengkap","berbahasa"
"vintr","berpelengkap","berbangsa"
"vintr","berpelengkap","berbasis"
"vintr","berpelengkap","berbendera"
"vintr","berpelengkap","berbentuk"
"vintr","berpelengkap","berbicara"
"vintr","berpelengkap","berbuat"
"vintr","berpelengkap","berdasar"
"vintr","berpelengkap","berdasarkan"
"vintr","berpelengkap","berdaya"
"vintr","berpelengkap","berdiri"
"vintr","berpelengkap","berdistribusi"
"vintr","berpelengkap","berfungsi"
"vintr","berpelengkap","bergantung"
"vintr","berpelengkap","berhadapan"
"vintr","berpelengkap","berhak"
"vintr","berpelengkap","berharap"
"vintr","berpelengkap","berhasil"
"vintr","berpelengkap","berhenti"
"vintr","berpelengkap","berisi"
"vintr","berpelengkap","berisikan"
"vintr","berpelengkap","berisiko"
"vintr","berpelengkap","berjalan"
"vintr","berpelengkap","berjumlah"
"vintr","berpelengkap","berkembangnya"
"vintr","berpelengkap","berkewajiban"
"vintr","berpelengkap","berkewarganegaraan"
"vintr","berpelengkap","berkurangnya"
"vintr","berpelengkap","berlagak"
"vintr","berpelengkap","bermain"
"vintr","berpelengkap","bermuatan"
"vintr","berpelengkap","bernegara"
"vintr","berpelengkap","bernilai"
"vintr","berpelengkap","bernuansa"
"vintr","berpelengkap","berorientasi"
"vintr","berpelengkap","berorietasi"
"vintr","berpelengkap","berpamitan"
"vintr","berpelengkap","berpasangan"
"vintr","berpelengkap","berpedoman"
"vintr","berpelengkap","berpendapat"
"vintr","berpelengkap","berpengaruh"
"vintr","berpelengkap","berperilaku"
"vintr","berpelengkap","berpindah"
"vintr","berpelengkap","bersedia"
"vintr","berpelengkap","bersifat"
"vintr","berpelengkap","bersisa"
"vintr","berpelengkap","berskala"
"vintr","berpelengkap","berstatus"
"vintr","berpelengkap","bertabur"
"vintr","berpelengkap","bertahan"
"vintr","berpelengkap","bertajuk"
"vintr","berpelengkap","bertambah"
"vintr","berpelengkap","bertanam"
"vintr","berpelengkap","bertanding"
"vintr","berpelengkap","bertanggung"
"vintr","berpelengkap","bertarung"
"vintr","berpelengkap","bertekad"
"vintr","berpelengkap","bertempat"
"vintr","berpelengkap","bertemu"
"vintr","berpelengkap","bertindak"
"vintr","berpelengkap","bertubuh"
"vintr","berpelengkap","bertugas"
"vintr","berpelengkap","bertujuan"
"vintr","berpelengkap","berukuran"
"vintr","berpelengkap","berupa"
"vintr","berpelengkap","berusia"
"vintr","berpelengkap","berwarna"
"vintr","berpelengkap","berwawasan"
"vintr","berpelengkap","buang"
"vintr","berpelengkap","bukanlah"
"vintr","berpelengkap","dialirkan"
"vintr","berpelengkap","dianggap"
"vintr","berpelengkap","diberinya"
"vintr","berpelengkap","dirasakan"
"vintr","berpelengkap","disangkanya"
"vintr","berpelengkap","duel"
"vintr","berpelengkap","gantung"
"vintr","berpelengkap","kedapatan"
"vintr","berpelengkap","kehilangan"
"vintr","berpelengkap","keluarnya"
"vintr","berpelengkap","melebih"
"vintr","berpelengkap","melintang"
"vintr","berpelengkap","meliputi"
"vintr","berpelengkap","memalukan"
"vintr","berpelengkap","memberikannya"
"vintr","berpelengkap","memutuskan"
"vintr","berpelengkap","menandai"
"vintr","berpelengkap","mencapai"
"vintr","berpelengkap","mencuatkan"
"vintr","berpelengkap","mendadak"
"vintr","berpelengkap","menduga"
"vintr","berpelengkap","menempatkan"
"vintr","berpelengkap","mengacu"
"vintr","berpelengkap","menganulir"
"vintr","berpelengkap","menghangat"
"vintr","berpelengkap","mengundurkan"
"vintr","berpelengkap","menilai"
"vintr","berpelengkap","menjabat"
"vintr","berpelengkap","menjadi"
"vintr","berpelengkap","menuju"
"vintr","berpelengkap","menunda"
"vintr","berpelengkap","menyangkut"
"vintr","berpelengkap","merasa"
"vintr","berpelengkap","merupakan"
"vintr","berpelengkap","pandai"
"vintr","berpelengkap","semoga"
"vintr","berpelengkap","tahan"
"vintr","berpelengkap","tahu"
"vintr","berpelengkap","tampak"
"vintr","berpelengkap","terbagi"
"vintr","berpelengkap","terbatas"
"vintr","berpelengkap","terbilang"
"vintr","berpelengkap","tercatat"
"vintr","berpelengkap","tercipta"
"vintr","berpelengkap","terdiri"
"vintr","berpelengkap","terefleksikan"
"vintr","berpelengkap","tergantung"
"vintr","berpelengkap","tergolong"
"vintr","berpelengkap","terjadilah"
"vintr","berpelengkap","terlambat"
"vintr","berpelengkap","terletak"
"vintr","berpelengkap","terlibat"
"vintr","berpelengkap","termasuk"
"vintr","berpelengkap","tertarik"
"vintr","berpelengkap","tertolong"
"vintr","berpelengkap","tertuang"
"vintr","berpelengkap","tidaknya"
"vintr","berpelengkap","tingginya"
"vintr","berpelengkap","turun"
"vintr","berpelengkap","wajib"
"vintr","tberpelengkap","banjir"
"vintr","tberpelengkap","bantu"
"vintr","tberpelengkap","bekerja"
"vintr","tberpelengkap","beli"
"vintr","tberpelengkap","beragama"
"vintr","tberpelengkap","berakhir"
"vintr","tberpelengkap","beralih"
"vintr","tberpelengkap","berantas"
"vintr","tberpelengkap","berapat"
"vintr","tberpelengkap","beraturan"
"vintr","tberpelengkap","berbakti"
"vintr","tberpelengkap","berbelanja"
"vintr","tberpelengkap","berdiskusi"
"vintr","tberpelengkap","berdoa"
"vintr","tberpelengkap","berekreasi"
"vintr","tberpelengkap","berekspresi"
"vintr","tberpelengkap","bergabung"
"vintr","tberpelengkap","bergaul"
"vintr","tberpelengkap","bergerak"
"vintr","tberpelengkap","bergeser"
"vintr","tberpelengkap","bergulir"
"vintr","tberpelengkap","berhalangan"
"vintr","tberpelengkap","berhubungan"
"vintr","tberpelengkap","beribadah"
"vintr","tberpelengkap","beribadat"
"vintr","tberpelengkap","beriman"
"vintr","tberpelengkap","berimbas"
"vintr","tberpelengkap","berintegrasi"
"vintr","tberpelengkap","beristirahat"
"vintr","tberpelengkap","berjanji"
"vintr","tberpelengkap","berkacamata"
"vintr","tberpelengkap","berkaitan"
"vintr","tberpelengkap","berkala"
"vintr","tberpelengkap","berkantor"
"vintr","tberpelengkap","berkedudukan"
"vintr","tberpelengkap","berkehidupan"
"vintr","tberpelengkap","berkekuatan"
"vintr","tberpelengkap","berkelanjutan"
"vintr","tberpelengkap","berkembang"
"vintr","tberpelengkap","berkenaan"
"vintr","tberpelengkap","berkepentingan"
"vintr","tberpelengkap","berkiprah"
"vintr","tberpelengkap","berkisar"
"vintr","tberpelengkap","berkolaborasi"
"vintr","tberpelengkap","berkomunikasi"
"vintr","tberpelengkap","berkonsentrasi"
"vintr","tberpelengkap","berkonser"
"vintr","tberpelengkap","berkoordinasi"
"vintr","tberpelengkap","berkreasi"
"vintr","tberpelengkap","berkuasa"
"vintr","tberpelengkap","berkumpul"
"vintr","tberpelengkap","berkurang"
"vintr","tberpelengkap","berlaku"
"vintr","tberpelengkap","berlangsung"
"vintr","tberpelengkap","berlanjut"
"vintr","tberpelengkap","berlatih"
"vintr","tberpelengkap","berlebihan"
"vintr","tberpelengkap","berlibur"
"vintr","tberpelengkap","berlokasi"
"vintr","tberpelengkap","bermain"
"vintr","tberpelengkap","bermartabat"
"vintr","tberpelengkap","bermotor"
"vintr","tberpelengkap","bermusik"
"vintr","tberpelengkap","beroperasi"
"vintr","tberpelengkap","berorientasi"
"vintr","tberpelengkap","berpartisipasi"
"vintr","tberpelengkap","berpeluang"
"vintr","tberpelengkap","berpeluk"
"vintr","tberpelengkap","berperan"
"vintr","tberpelengkap","berpikir"
"vintr","tberpelengkap","berprestasi"
"vintr","tberpelengkap","bersahabat"
"vintr","tberpelengkap","bersaing"
"vintr","tberpelengkap","bersalah"
"vintr","tberpelengkap","bersalam"
"vintr","tberpelengkap","bersangkutan"
"vintr","tberpelengkap","bersenjata"
"vintr","tberpelengkap","berserikat"
"vintr","tberpelengkap","bersidang"
"vintr","tberpelengkap","bersin"
"vintr","tberpelengkap","bersumber"
"vintr","tberpelengkap","bersyarat"
"vintr","tberpelengkap","bertahan"
"vintr","tberpelengkap","bertambah"
"vintr","tberpelengkap","bertani"
"vintr","tberpelengkap","bertaqwa"
"vintr","tberpelengkap","bertemu"
"vintr","tberpelengkap","berulang"
"vintr","tberpelengkap","bervariasi"
"vintr","tberpelengkap","berwawasan"
"vintr","tberpelengkap","berwenang"
"vintr","tberpelengkap","cabut"
"vintr","tberpelengkap","coba"
"vintr","tberpelengkap","datang"
"vintr","tberpelengkap","diabsorbsi"
"vintr","tberpelengkap","diaktifkan"
"vintr","tberpelengkap","diam"
"vintr","tberpelengkap","dikatakan"
"vintr","tberpelengkap","disarankan"
"vintr","tberpelengkap","disimpan"
"vintr","tberpelengkap","disintesis"
"vintr","tberpelengkap","ditinggalkan"
"vintr","tberpelengkap","diwaspadai"
"vintr","tberpelengkap","duduk"
"vintr","tberpelengkap","ekspos"
"vintr","tberpelengkap","goreng"
"vintr","tberpelengkap","gusar"
"vintr","tberpelengkap","hadir"
"vintr","tberpelengkap","hamil"
"vintr","tberpelengkap","hidup"
"vintr","tberpelengkap","hijrah"
"vintr","tberpelengkap","ikut"
"vintr","tberpelengkap","ingat"
"vintr","tberpelengkap","istirahat"
"vintr","tberpelengkap","jual"
"vintr","tberpelengkap","kalah"
"vintr","tberpelengkap","kawin"
"vintr","tberpelengkap","keluar"
"vintr","tberpelengkap","lahir"
"vintr","tberpelengkap","lolos"
"vintr","tberpelengkap","luput"
"vintr","tberpelengkap","main"
"vintr","tberpelengkap","masuk"
"vintr","tberpelengkap","melamar"
"vintr","tberpelengkap","melangkah"
"vintr","tberpelengkap","melekat"
"vintr","tberpelengkap","memadai"
"vintr","tberpelengkap","membaik"
"vintr","tberpelengkap","membalas"
"vintr","tberpelengkap","membesar"
"vintr","tberpelengkap","membujuk"
"vintr","tberpelengkap","memotivasi"
"vintr","tberpelengkap","mempertanggungjawabkannya"
"vintr","tberpelengkap","memuaskan"
"vintr","tberpelengkap","menari"
"vintr","tberpelengkap","mendaftar"
"vintr","tberpelengkap","mendarat"
"vintr","tberpelengkap","mendengarnya"
"vintr","tberpelengkap","menempatkannya"
"vintr","tberpelengkap","menempel"
"vintr","tberpelengkap","menerbitkannya"
"vintr","tberpelengkap","meneruskannya"
"vintr","tberpelengkap","menetap"
"vintr","tberpelengkap","mengagetkan"
"vintr","tberpelengkap","mengalir"
"vintr","tberpelengkap","menganggur"
"vintr","tberpelengkap","mengedarkannya"
"vintr","tberpelengkap","mengembang"
"vintr","tberpelengkap","mengeras"
"vintr","tberpelengkap","mengetahuinya"
"vintr","tberpelengkap","menggairahkan"
"vintr","tberpelengkap","mengganggu"
"vintr","tberpelengkap","menghibur"
"vintr","tberpelengkap","mengingat"
"vintr","tberpelengkap","menikah"
"vintr","tberpelengkap","meninggal"
"vintr","tberpelengkap","meninggalkannya"
"vintr","tberpelengkap","meningkat"
"vintr","tberpelengkap","meninjau"
"vintr","tberpelengkap","menurun"
"vintr","tberpelengkap","menurut"
"vintr","tberpelengkap","menyakitkan"
"vintr","tberpelengkap","menyampaikannya"
"vintr","tberpelengkap","menyanyi"
"vintr","tberpelengkap","menyenangkan"
"vintr","tberpelengkap","menyerah"
"vintr","tberpelengkap","merebutnya"
"vintr","tberpelengkap","merokok"
"vintr","tberpelengkap","merosot"
"vintr","tberpelengkap","mewakilinya"
"vintr","tberpelengkap","mewarnai"
"vintr","tberpelengkap","mogok"
"vintr","tberpelengkap","muncul"
"vintr","tberpelengkap","ngamen"
"vintr","tberpelengkap","nyanyi"
"vintr","tberpelengkap","pecah"
"vintr","tberpelengkap","percaya"
"vintr","tberpelengkap","pergi"
"vintr","tberpelengkap","sampai"
"vintr","tberpelengkap","setuju"
"vintr","tberpelengkap","tampil"
"vintr","tberpelengkap","tanya"
"vintr","tberpelengkap","tekan"
"vintr","tberpelengkap","terabaikan"
"vintr","tberpelengkap","terangsang"
"vintr","tberpelengkap","terapi"
"vintr","tberpelengkap","terarah"
"vintr","tberpelengkap","terbebas"
"vintr","tberpelengkap","terbentuk"
"vintr","tberpelengkap","terbit"
"vintr","tberpelengkap","terbungkus"
"vintr","tberpelengkap","terdeteksi"
"vintr","tberpelengkap","terganggu"
"vintr","tberpelengkap","terhambat"
"vintr","tberpelengkap","terhambur"
"vintr","tberpelengkap","terjangkau"
"vintr","tberpelengkap","terjatuh"
"vintr","tberpelengkap","terkonsentrasi"
"vintr","tberpelengkap","terlatih"
"vintr","tberpelengkap","termotivasi"
"vintr","tberpelengkap","terpisahkan"
"vintr","tberpelengkap","terpukul"
"vintr","tberpelengkap","tersedia"
"vintr","tberpelengkap","tersipu"
"vintr","tberpelengkap","tersumbat"
"vintr","tberpelengkap","tertanam"
"vintr","tberpelengkap","tertunda"
"vintr","tberpelengkap","tertunda"
"vintr","tberpelengkap","tertutup"
"vintr","tberpelengkap","tewas"
"vintr","tberpelengkap","tiada"
"vintr","tberpelengkap","tiba"
"vintr","tberpelengkap","tidur"
"vintr","tberpelengkap","tolak"
"vintr","tberpelengkap","tulis"
"vintr","tberpelengkap","tumbuh"
"vintr","tberpelengkap","tunduk"
"vintr","tberpelengkap","uji"
"vintr","copula","ada"
"vintr","copula","adalah"
"vintr","copula","ialah"
"vpasif","pdwitransitif","dibatalkan"
"vpasif","pdwitransitif","berwajib"
"vpasif","pdwitransitif","diabaikan"
"vpasif","pdwitransitif","diadakan"
"vpasif","pdwitransitif","diadili"
"vpasif","pdwitransitif","diadukan"
"vpasif","pdwitransitif","diajarkan"
"vpasif","pdwitransitif","diajukan"
"vpasif","pdwitransitif","diakhiri"
"vpasif","pdwitransitif","diakibatkan"
"vpasif","pdwitransitif","diakses"
"vpasif","pdwitransitif","diakui"
"vpasif","pdwitransitif","dialami"
"vpasif","pdwitransitif","diamati"
"vpasif","pdwitransitif","diambil"
"vpasif","pdwitransitif","dianalisa"
"vpasif","pdwitransitif","dianalisis"
"vpasif","pdwitransitif","diancam"
"vpasif","pdwitransitif","dianggarkan"
"vpasif","pdwitransitif","diangkat"
"vpasif","pdwitransitif","diangkut"
"vpasif","pdwitransitif","dianjurkan"
"vpasif","pdwitransitif","diantaranya"
"vpasif","pdwitransitif","diarahkan"
"vpasif","pdwitransitif","diartikan"
"vpasif","pdwitransitif","diasingkan"
"vpasif","pdwitransitif","diasuh"
"vpasif","pdwitransitif","diatasi"
"vpasif","pdwitransitif","diatur"
"vpasif","pdwitransitif","diawali"
"vpasif","pdwitransitif","dibaca"
"vpasif","pdwitransitif","dibagi"
"vpasif","pdwitransitif","dibahas"
"vpasif","pdwitransitif","dibandingkan"
"vpasif","pdwitransitif","dibangkitkan"
"vpasif","pdwitransitif","dibangun"
"vpasif","pdwitransitif","dibantu"
"vpasif","pdwitransitif","dibatasi"
"vpasif","pdwitransitif","dibawa"
"vpasif","pdwitransitif","dibawanya"
"vpasif","pdwitransitif","dibayar"
"vpasif","pdwitransitif","dibebani"
"vpasif","pdwitransitif","dibebankan"
"vpasif","pdwitransitif","dibedakan"
"vpasif","pdwitransitif","dibeli"
"vpasif","pdwitransitif","dibelikan"
"vpasif","pdwitransitif","dibelinya"
"vpasif","pdwitransitif","dibenahi"
"vpasif","pdwitransitif","dibenarkan"
"vpasif","pdwitransitif","dibentuk"
"vpasif","pdwitransitif","diberdayakan"
"vpasif","pdwitransitif","diberhentikan"
"vpasif","pdwitransitif","diberi"
"vpasif","pdwitransitif","diberikan"
"vpasif","pdwitransitif","diberitahu"
"vpasif","pdwitransitif","diberitahukan"
"vpasif","pdwitransitif","diberitakan"
"vpasif","pdwitransitif","diberlakukan"
"vpasif","pdwitransitif","diberlakukannya"
"vpasif","pdwitransitif","dibesarkan"
"vpasif","pdwitransitif","dibicarakan"
"vpasif","pdwitransitif","dibimbing"
"vpasif","pdwitransitif","dibuang"
"vpasif","pdwitransitif","dibuat"
"vpasif","pdwitransitif","dibuktikan"
"vpasif","pdwitransitif","dibutuhkan"
"vpasif","pdwitransitif","dicabut"
"vpasif","pdwitransitif","dicampuri"
"vpasif","pdwitransitif","dicantumkan"
"vpasif","pdwitransitif","dicapai"
"vpasif","pdwitransitif","dicari"
"vpasif","pdwitransitif","dicegah"
"vpasif","pdwitransitif","didakwa"
"vpasif","pdwitransitif","didampingi"
"vpasif","pdwitransitif","didapat"
"vpasif","pdwitransitif","didapatkan"
"vpasif","pdwitransitif","didasarkan"
"vpasif","pdwitransitif","dideaktifkan"
"vpasif","pdwitransitif","didefinisikan"
"vpasif","pdwitransitif","didekomisi"
"vpasif","pdwitransitif","didepak"
"vpasif","pdwitransitif","diderita"
"vpasif","pdwitransitif","dideskripsikan"
"vpasif","pdwitransitif","dideteksi"
"vpasif","pdwitransitif","dididik"
"vpasif","pdwitransitif","didirikan"
"vpasif","pdwitransitif","didistribusikan"
"vpasif","pdwitransitif","didorong"
"vpasif","pdwitransitif","di"
"vpasif","pdwitransitif","didukung"
"vpasif","pdwitransitif","diedarkan"
"vpasif","pdwitransitif","dieliminasi"
"vpasif","pdwitransitif","dienkripsi"
"vpasif","pdwitransitif","difluorinasi"
"vpasif","pdwitransitif","difokuskan"
"vpasif","pdwitransitif","digabung"
"vpasif","pdwitransitif","digambarkan"
"vpasif","pdwitransitif","diganggu"
"vpasif","pdwitransitif","diganjar"
"vpasif","pdwitransitif","diganti"
"vpasif","pdwitransitif","digarap"
"vpasif","pdwitransitif","digelar"
"vpasif","pdwitransitif","digolongkan"
"vpasif","pdwitransitif","digunakan"
"vpasif","pdwitransitif","dihadapi"
"vpasif","pdwitransitif","dihadapkan"
"vpasif","pdwitransitif","dihadiri"
"vpasif","pdwitransitif","dihadirkan"
"vpasif","pdwitransitif","dihakimi"
"vpasif","pdwitransitif","dihambat"
"vpasif","pdwitransitif","dihantarkan"
"vpasif","pdwitransitif","dihapus"
"vpasif","pdwitransitif","dihapuskan"
"vpasif","pdwitransitif","diharapkan"
"vpasif","pdwitransitif","dihasilkan"
"vpasif","pdwitransitif","dihentikan"
"vpasif","pdwitransitif","dihindari"
"vpasif","pdwitransitif","dihitung"
"vpasif","pdwitransitif","dihormati"
"vpasif","pdwitransitif","dihubungkan"
"vpasif","pdwitransitif","dihukum"
"vpasif","pdwitransitif","diidentifikasi"
"vpasif","pdwitransitif","diijinkan"
"vpasif","pdwitransitif","diikuti"
"vpasif","pdwitransitif","diikutkan"
"vpasif","pdwitransitif","diimobilkan"
"vpasif","pdwitransitif","diindeks"
"vpasif","pdwitransitif","diintegrasikan"
"vpasif","pdwitransitif","diinterpretasikan"
"vpasif","pdwitransitif","diisi"
"vpasif","pdwitransitif","dijabat"
"vpasif","pdwitransitif","dijadikan"
"vpasif","pdwitransitif","dijaga"
"vpasif","pdwitransitif","dijalani"
"vpasif","pdwitransitif","dijalankan"
"vpasif","pdwitransitif","dijamin"
"vpasif","pdwitransitif","dijatuhi"
"vpasif","pdwitransitif","dijatuhkan"
"vpasif","pdwitransitif","dijawab"
"vpasif","pdwitransitif","dijelaskan"
"vpasif","pdwitransitif","dijualnya"
"vpasif","pdwitransitif","dijuluki"
"vpasif","pdwitransitif","dijumpai"
"vpasif","pdwitransitif","dijunjung"
"vpasif","pdwitransitif","dikabarkan"
"vpasif","pdwitransitif","dikaitkan"
"vpasif","pdwitransitif","dikandungnya"
"vpasif","pdwitransitif","dikarenakan"
"vpasif","pdwitransitif","dikaruniai"
"vpasif","pdwitransitif","dikatakan"
"vpasif","pdwitransitif","dikategorikan"
"vpasif","pdwitransitif","dikecualikan"
"vpasif","pdwitransitif","dikejutkan"
"vpasif","pdwitransitif","dikelola"
"vpasif","pdwitransitif","dikelompokkan"
"vpasif","pdwitransitif","dikeluarkan"
"vpasif","pdwitransitif","dikeluarkannya"
"vpasif","pdwitransitif","dikemas"
"vpasif","pdwitransitif","dikembalikan"
"vpasif","pdwitransitif","dikembangkan"
"vpasif","pdwitransitif","dikemukakan"
"vpasif","pdwitransitif","dikenakan"
"vpasif","pdwitransitif","dikenal"
"vpasif","pdwitransitif","dikenali"
"vpasif","pdwitransitif","diketahui"
"vpasif","pdwitransitif","diketuai"
"vpasif","pdwitransitif","dikhawatirkan"
"vpasif","pdwitransitif","dikirim"
"vpasif","pdwitransitif","diklasifikasikan"
"vpasif","pdwitransitif","dikombinasikan"
"vpasif","pdwitransitif","dikonsultasikan"
"vpasif","pdwitransitif","dikonversikan"
"vpasif","pdwitransitif","dikoordinasikan"
"vpasif","pdwitransitif","dikosongkan"
"vpasif","pdwitransitif","dikredit"
"vpasif","pdwitransitif","dikuasai"
"vpasif","pdwitransitif","dikucilkan"
"vpasif","pdwitransitif","dikukuhkan"
"vpasif","pdwitransitif","dikurangi"
"vpasif","pdwitransitif","dikutip"
"vpasif","pdwitransitif","dilacak"
"vpasif","pdwitransitif","dilahirkan"
"vpasif","pdwitransitif","dilaksanakan"
"vpasif","pdwitransitif","dilakukan"
"vpasif","pdwitransitif","dilakukannya"
"vpasif","pdwitransitif","dilanda"
"vpasif","pdwitransitif","dilanggar"
"vpasif","pdwitransitif","dilangsungkan"
"vpasif","pdwitransitif","dilanjutkan"
"vpasif","pdwitransitif","dilantik"
"vpasif","pdwitransitif","dilapisi"
"vpasif","pdwitransitif","dilaporkan"
"vpasif","pdwitransitif","dilarang"
"vpasif","pdwitransitif","dilatih"
"vpasif","pdwitransitif","dilatihkan"
"vpasif","pdwitransitif","dilayani"
"vpasif","pdwitransitif","dilengkapi"
"vpasif","pdwitransitif","dilepas"
"vpasif","pdwitransitif","dilepaskan"
"vpasif","pdwitransitif","diletakkan"
"vpasif","pdwitransitif","dilibatkan"
"vpasif","pdwitransitif","dilihat"
"vpasif","pdwitransitif","dilimpahkan"
"vpasif","pdwitransitif","dilindungi"
"vpasif","pdwitransitif","dilirik"
"vpasif","pdwitransitif","diloloskan"
"vpasif","pdwitransitif","dilunasi"
"vpasif","pdwitransitif","dimajukan"
"vpasif","pdwitransitif","dimaksud"
"vpasif","pdwitransitif","dimaksudkan"
"vpasif","pdwitransitif","dimaksudkannya"
"vpasif","pdwitransitif","dimanfaatkan"
"vpasif","pdwitransitif","dimasukkan"
"vpasif","pdwitransitif","dimekarkan"
"vpasif","pdwitransitif","dimeriahkan"
"vpasif","pdwitransitif","dimetabolisme"
"vpasif","pdwitransitif","dimiliki"
"vpasif","pdwitransitif","diminta"
"vpasif","pdwitransitif","dimintai"
"vpasif","pdwitransitif","dimodelkan"
"vpasif","pdwitransitif","dimodifikasi"
"vpasif","pdwitransitif","dimuat"
"vpasif","pdwitransitif","dimulai"
"vpasif","pdwitransitif","dimunculkan"
"vpasif","pdwitransitif","dimungkinkan"
"vpasif","pdwitransitif","dimusnahkan"
"vpasif","pdwitransitif","dinaikkan"
"vpasif","pdwitransitif","dinamakan"
"vpasif","pdwitransitif","dinilai"
"vpasif","pdwitransitif","dinormalisasi"
"vpasif","pdwitransitif","dinyatakan"
"vpasif","pdwitransitif","diolah"
"vpasif","pdwitransitif","dioperasikan"
"vpasif","pdwitransitif","diotorisasi"
"vpasif","pdwitransitif","dipacking"
"vpasif","pdwitransitif","dipakai"
"vpasif","pdwitransitif","dipamerkan"
"vpasif","pdwitransitif","dipancarkan"
"vpasif","pdwitransitif","dipandang"
"vpasif","pdwitransitif","dipanggil"
"vpasif","pdwitransitif","diparkir"
"vpasif","pdwitransitif","dipasang"
"vpasif","pdwitransitif","dipastikan"
"vpasif","pdwitransitif","dipecahkan"
"vpasif","pdwitransitif","dipelajari"
"vpasif","pdwitransitif","dipelihara"
"vpasif","pdwitransitif","dipengaruhi"
"vpasif","pdwitransitif","dipenuhi"
"vpasif","pdwitransitif","diperbaharui"
"vpasif","pdwitransitif","diperbaiki"
"vpasif","pdwitransitif","diperbarui"
"vpasif","pdwitransitif","diperbolehkan"
"vpasif","pdwitransitif","diperbudak"
"vpasif","pdwitransitif","diperdagangkan"
"vpasif","pdwitransitif","diperdebatkan"
"vpasif","pdwitransitif","dipergunakan"
"vpasif","pdwitransitif","dipergunakannya"
"vpasif","pdwitransitif","diperhamba"
"vpasif","pdwitransitif","diperhatikan"
"vpasif","pdwitransitif","diperhentikan"
"vpasif","pdwitransitif","diperhitungkan"
"vpasif","pdwitransitif","diperiksa"
"vpasif","pdwitransitif","diperjualbelikan"
"vpasif","pdwitransitif","diperkenalkan"
"vpasif","pdwitransitif","diperkenankan"
"vpasif","pdwitransitif","diperkirakan"
"vpasif","pdwitransitif","diperlukan"
"vpasif","pdwitransitif","diperoleh"
"vpasif","pdwitransitif","diperpanjang"
"vpasif","pdwitransitif","dipertahankan"
"vpasif","pdwitransitif","dipertimbangkan"
"vpasif","pdwitransitif","dipertukarkan"
"vpasif","pdwitransitif","dipetakan"
"vpasif","pdwitransitif","dipidana"
"vpasif","pdwitransitif","dipilih"
"vpasif","pdwitransitif","dipilihnya"
"vpasif","pdwitransitif","dipimpin"
"vpasif","pdwitransitif","dipinjam"
"vpasif","pdwitransitif","dipisahkan"
"vpasif","pdwitransitif","diplot"
"vpasif","pdwitransitif","dipoles"
"vpasif","pdwitransitif","dipopulerkan"
"vpasif","pdwitransitif","diprakarsai"
"vpasif","pdwitransitif","diproduksi"
"vpasif","pdwitransitif","diprogram"
"vpasif","pdwitransitif","dipungut"
"vpasif","pdwitransitif","diputar"
"vpasif","pdwitransitif","diputuskan"
"vpasif","pdwitransitif","dirahasiakannya"
"vpasif","pdwitransitif","dirakit"
"vpasif","pdwitransitif","dirampas"
"vpasif","pdwitransitif","dirancang"
"vpasif","pdwitransitif","dirasakan"
"vpasif","pdwitransitif","dirasakannya"
"vpasif","pdwitransitif","dirawat"
"vpasif","pdwitransitif","direalisasikan"
"vpasif","pdwitransitif","direndam"
"vpasif","pdwitransitif","direpresentasikan"
"vpasif","pdwitransitif","diresepkan"
"vpasif","pdwitransitif","diresmikan"
"vpasif","pdwitransitif","direstrukturisasi"
"vpasif","pdwitransitif","dirilis"
"vpasif","pdwitransitif","dirindukan"
"vpasif","pdwitransitif","diris"
"vpasif","pdwitransitif","dirugikan"
"vpasif","pdwitransitif","disahkan"
"vpasif","pdwitransitif","disajikan"
"vpasif","pdwitransitif","disalurkan"
"vpasif","pdwitransitif","disambungkan"
"vpasif","pdwitransitif","disambut"
"vpasif","pdwitransitif","disampaikan"
"vpasif","pdwitransitif","disandikan"
"vpasif","pdwitransitif","disangka"
"vpasif","pdwitransitif","disebabkan"
"vpasif","pdwitransitif","disebut"
"vpasif","pdwitransitif","disediakan"
"vpasif","pdwitransitif","diselenggarakan"
"vpasif","pdwitransitif","diselenggarakannya"
"vpasif","pdwitransitif","diselesaikan"
"vpasif","pdwitransitif","disemprotkan"
"vpasif","pdwitransitif","disengaja"
"vpasif","pdwitransitif","disentuh"
"vpasif","pdwitransitif","diserahkan"
"vpasif","pdwitransitif","diserbu"
"vpasif","pdwitransitif","disertai"
"vpasif","pdwitransitif","disesuaikan"
"vpasif","pdwitransitif","disetor"
"vpasif","pdwitransitif","disetujui"
"vpasif","pdwitransitif","disiapkan"
"vpasif","pdwitransitif","disiarkan"
"vpasif","pdwitransitif","disidik"
"vpasif","pdwitransitif","disiksa"
"vpasif","pdwitransitif","disimbolkan"
"vpasif","pdwitransitif","disingkat"
"vpasif","pdwitransitif","diskorsing"
"vpasif","pdwitransitif","disodori"
"vpasif","pdwitransitif","disukainya"
"vpasif","pdwitransitif","disusulkan"
"vpasif","pdwitransitif","disusun"
"vpasif","pdwitransitif","disutradarai"
"vpasif","pdwitransitif","ditagih"
"vpasif","pdwitransitif","ditahan"
"vpasif","pdwitransitif","ditamukan"
"vpasif","pdwitransitif","ditandatangani"
"vpasif","pdwitransitif","ditangani"
"vpasif","pdwitransitif","ditanganinya"
"vpasif","pdwitransitif","ditangkap"
"vpasif","pdwitransitif","ditantang"
"vpasif","pdwitransitif","ditarik"
"vpasif","pdwitransitif","ditawari"
"vpasif","pdwitransitif","ditawarkan"
"vpasif","pdwitransitif","ditayangkan"
"vpasif","pdwitransitif","ditegakkan"
"vpasif","pdwitransitif","ditegaskan"
"vpasif","pdwitransitif","ditekan"
"vpasif","pdwitransitif","diteliti"
"vpasif","pdwitransitif","ditelpon"
"vpasif","pdwitransitif","ditempuh"
"vpasif","pdwitransitif","ditempuhnya"
"vpasif","pdwitransitif","ditemukan"
"vpasif","pdwitransitif","ditemukembalikan"
"vpasif","pdwitransitif","ditentukan"
"vpasif","pdwitransitif","diterapkan"
"vpasif","pdwitransitif","diterbitkan"
"vpasif","pdwitransitif","diterima"
"vpasif","pdwitransitif","diterimanya"
"vpasif","pdwitransitif","diteruskan"
"vpasif","pdwitransitif","ditetapkan"
"vpasif","pdwitransitif","ditetapkannya"
"vpasif","pdwitransitif","ditimbulkan"
"vpasif","pdwitransitif","ditimbun"
"vpasif","pdwitransitif","ditimpakan"
"vpasif","pdwitransitif","ditindak"
"vpasif","pdwitransitif","ditingkatkan"
"vpasif","pdwitransitif","ditolerir"
"vpasif","pdwitransitif","ditransmisikan"
"vpasif","pdwitransitif","dituangkan"
"vpasif","pdwitransitif","ditujukan"
"vpasif","pdwitransitif","ditunda"
"vpasif","pdwitransitif","ditunjuk"
"vpasif","pdwitransitif","dituntaskan"
"vpasif","pdwitransitif","dituntut"
"vpasif","pdwitransitif","diturunkan"
"vpasif","pdwitransitif","ditusukkan"
"vpasif","pdwitransitif","diubah"
"vpasif","pdwitransitif","diuji"
"vpasif","pdwitransitif","diukur"
"vpasif","pdwitransitif","diundangkan"
"vpasif","pdwitransitif","diusulkan"
"vpasif","pdwitransitif","diutarakan"
"vpasif","pdwitransitif","diwajibkan"
"vpasif","pdwitransitif","diwarnai"
"vpasif","pdwitransitif","diyakini"
"vpasif","pdwitransitif","easycase"
"vpasif","pdwitransitif","file"
"vpasif","pdwitransitif","fourier"
"vpasif","pdwitransitif","freephone"
"vpasif","pdwitransitif","group"
"vpasif","pdwitransitif","hidrolisa"
"vpasif","pdwitransitif","infix"
"vpasif","pdwitransitif","k"
"vpasif","pdwitransitif","keluar"
"vpasif","pdwitransitif","ketahuan"
"vpasif","pdwitransitif","teradsorbsi"
"vpasif","pdwitransitif","terambil"
"vpasif","pdwitransitif","terbangkit"
"vpasif","pdwitransitif","terbatas"
"vpasif","pdwitransitif","terbunuh"
"vpasif","pdwitransitif","tercakup"
"vpasif","pdwitransitif","tercantum"
"vpasif","pdwitransitif","tercapai"
"vpasif","pdwitransitif","terdapat"
"vpasif","pdwitransitif","terdeposit"
"vpasif","pdwitransitif","terenkripsi"
"vpasif","pdwitransitif","tergabung"
"vpasif","pdwitransitif","tergeser"
"vpasif","pdwitransitif","terhitung"
"vpasif","pdwitransitif","terhubung"
"vpasif","pdwitransitif","terjadi"
"vpasif","pdwitransitif","terjadinya"
"vpasif","pdwitransitif","terjalin"
"vpasif","pdwitransitif","terkandung"
"vpasif","pdwitransitif","terkena"
"vpasif","pdwitransitif","terlacak"
"vpasif","pdwitransitif","terlampir"
"vpasif","pdwitransitif","terlepas"
"vpasif","pdwitransitif","terlihat"
"vpasif","pdwitransitif","terpadu"
"vpasif","pdwitransitif","terpenting"
"vpasif","pdwitransitif","terpikat"
"vpasif","pdwitransitif","terpilih"
"vpasif","pdwitransitif","terpisah"
"vpasif","pdwitransitif","terserap"
"vpasif","pdwitransitif","tersusun"
"vpasif","pdwitransitif","teruji"
"vpasif","pekatransitif","dibatalkan"
"vpasif","pekatransitif","berwajib"
"vpasif","pekatransitif","diabaikan"
"vpasif","pekatransitif","diadakan"
"vpasif","pekatransitif","diadili"
"vpasif","pekatransitif","diadukan"
"vpasif","pekatransitif","diajarkan"
"vpasif","pekatransitif","diajukan"
"vpasif","pekatransitif","diakhiri"
"vpasif","pekatransitif","diakibatkan"
"vpasif","pekatransitif","diakses"
"vpasif","pekatransitif","diakui"
"vpasif","pekatransitif","dialami"
"vpasif","pekatransitif","diamati"
"vpasif","pekatransitif","diambil"
"vpasif","pekatransitif","dianalisa"
"vpasif","pekatransitif","dianalisis"
"vpasif","pekatransitif","diancam"
"vpasif","pekatransitif","dianggarkan"
"vpasif","pekatransitif","diangkat"
"vpasif","pekatransitif","diangkut"
"vpasif","pekatransitif","dianjurkan"
"vpasif","pekatransitif","diantaranya"
"vpasif","pekatransitif","diarahkan"
"vpasif","pekatransitif","diartikan"
"vpasif","pekatransitif","diasingkan"
"vpasif","pekatransitif","diasuh"
"vpasif","pekatransitif","diatasi"
"vpasif","pekatransitif","diatur"
"vpasif","pekatransitif","diawali"
"vpasif","pekatransitif","dibaca"
"vpasif","pekatransitif","dibagi"
"vpasif","pekatransitif","dibahas"
"vpasif","pekatransitif","dibandingkan"
"vpasif","pekatransitif","dibangkitkan"
"vpasif","pekatransitif","dibangun"
"vpasif","pekatransitif","dibantu"
"vpasif","pekatransitif","dibatasi"
"vpasif","pekatransitif","dibawa"
"vpasif","pekatransitif","dibawanya"
"vpasif","pekatransitif","dibayar"
"vpasif","pekatransitif","dibebani"
"vpasif","pekatransitif","dibebankan"
"vpasif","pekatransitif","dibedakan"
"vpasif","pekatransitif","dibeli"
"vpasif","pekatransitif","dibelikan"
"vpasif","pekatransitif","dibelinya"
"vpasif","pekatransitif","dibenahi"
"vpasif","pekatransitif","dibenarkan"
"vpasif","pekatransitif","dibentuk"
"vpasif","pekatransitif","diberdayakan"
"vpasif","pekatransitif","diberhentikan"
"vpasif","pekatransitif","diberi"
"vpasif","pekatransitif","diberikan"
"vpasif","pekatransitif","diberitahu"
"vpasif","pekatransitif","diberitahukan"
"vpasif","pekatransitif","diberitakan"
"vpasif","pekatransitif","diberlakukan"
"vpasif","pekatransitif","diberlakukannya"
"vpasif","pekatransitif","dibesarkan"
"vpasif","pekatransitif","dibicarakan"
"vpasif","pekatransitif","dibimbing"
"vpasif","pekatransitif","dibuang"
"vpasif","pekatransitif","dibuat"
"vpasif","pekatransitif","dibuktikan"
"vpasif","pekatransitif","dibutuhkan"
"vpasif","pekatransitif","dicabut"
"vpasif","pekatransitif","dicampuri"
"vpasif","pekatransitif","dicantumkan"
"vpasif","pekatransitif","dicapai"
"vpasif","pekatransitif","dicari"
"vpasif","pekatransitif","dicegah"
"vpasif","pekatransitif","didakwa"
"vpasif","pekatransitif","didampingi"
"vpasif","pekatransitif","didapat"
"vpasif","pekatransitif","didapatkan"
"vpasif","pekatransitif","didasarkan"
"vpasif","pekatransitif","dideaktifkan"
"vpasif","pekatransitif","didefinisikan"
"vpasif","pekatransitif","didekomisi"
"vpasif","pekatransitif","didepak"
"vpasif","pekatransitif","diderita"
"vpasif","pekatransitif","dideskripsikan"
"vpasif","pekatransitif","dideteksi"
"vpasif","pekatransitif","dididik"
"vpasif","pekatransitif","didirikan"
"vpasif","pekatransitif","didistribusikan"
"vpasif","pekatransitif","didorong"
"vpasif","pekatransitif","di"
"vpasif","pekatransitif","didukung"
"vpasif","pekatransitif","diedarkan"
"vpasif","pekatransitif","dieliminasi"
"vpasif","pekatransitif","dienkripsi"
"vpasif","pekatransitif","difluorinasi"
"vpasif","pekatransitif","difokuskan"
"vpasif","pekatransitif","digabung"
"vpasif","pekatransitif","digambarkan"
"vpasif","pekatransitif","diganggu"
"vpasif","pekatransitif","diganjar"
"vpasif","pekatransitif","diganti"
"vpasif","pekatransitif","digarap"
"vpasif","pekatransitif","digelar"
"vpasif","pekatransitif","digolongkan"
"vpasif","pekatransitif","digunakan"
"vpasif","pekatransitif","dihadapi"
"vpasif","pekatransitif","dihadapkan"
"vpasif","pekatransitif","dihadiri"
"vpasif","pekatransitif","dihadirkan"
"vpasif","pekatransitif","dihakimi"
"vpasif","pekatransitif","dihambat"
"vpasif","pekatransitif","dihantarkan"
"vpasif","pekatransitif","dihapus"
"vpasif","pekatransitif","dihapuskan"
"vpasif","pekatransitif","diharapkan"
"vpasif","pekatransitif","dihasilkan"
"vpasif","pekatransitif","dihentikan"
"vpasif","pekatransitif","dihindari"
"vpasif","pekatransitif","dihitung"
"vpasif","pekatransitif","dihormati"
"vpasif","pekatransitif","dihubungkan"
"vpasif","pekatransitif","dihukum"
"vpasif","pekatransitif","diidentifikasi"
"vpasif","pekatransitif","diijinkan"
"vpasif","pekatransitif","diikuti"
"vpasif","pekatransitif","diikutkan"
"vpasif","pekatransitif","diimobilkan"
"vpasif","pekatransitif","diindeks"
"vpasif","pekatransitif","diintegrasikan"
"vpasif","pekatransitif","diinterpretasikan"
"vpasif","pekatransitif","diisi"
"vpasif","pekatransitif","dijabat"
"vpasif","pekatransitif","dijadikan"
"vpasif","pekatransitif","dijaga"
"vpasif","pekatransitif","dijalani"
"vpasif","pekatransitif","dijalankan"
"vpasif","pekatransitif","dijamin"
"vpasif","pekatransitif","dijatuhi"
"vpasif","pekatransitif","dijatuhkan"
"vpasif","pekatransitif","dijawab"
"vpasif","pekatransitif","dijelaskan"
"vpasif","pekatransitif","dijualnya"
"vpasif","pekatransitif","dijuluki"
"vpasif","pekatransitif","dijumpai"
"vpasif","pekatransitif","dijunjung"
"vpasif","pekatransitif","dikabarkan"
"vpasif","pekatransitif","dikaitkan"
"vpasif","pekatransitif","dikandungnya"
"vpasif","pekatransitif","dikarenakan"
"vpasif","pekatransitif","dikaruniai"
"vpasif","pekatransitif","dikatakan"
"vpasif","pekatransitif","dikategorikan"
"vpasif","pekatransitif","dikecualikan"
"vpasif","pekatransitif","dikejutkan"
"vpasif","pekatransitif","dikelola"
"vpasif","pekatransitif","dikelompokkan"
"vpasif","pekatransitif","dikeluarkan"
"vpasif","pekatransitif","dikeluarkannya"
"vpasif","pekatransitif","dikemas"
"vpasif","pekatransitif","dikembalikan"
"vpasif","pekatransitif","dikembangkan"
"vpasif","pekatransitif","dikemukakan"
"vpasif","pekatransitif","dikenakan"
"vpasif","pekatransitif","dikenal"
"vpasif","pekatransitif","dikenali"
"vpasif","pekatransitif","diketahui"
"vpasif","pekatransitif","diketuai"
"vpasif","pekatransitif","dikhawatirkan"
"vpasif","pekatransitif","dikirim"
"vpasif","pekatransitif","diklasifikasikan"
"vpasif","pekatransitif","dikombinasikan"
"vpasif","pekatransitif","dikonsultasikan"
"vpasif","pekatransitif","dikonversikan"
"vpasif","pekatransitif","dikoordinasikan"
"vpasif","pekatransitif","dikosongkan"
"vpasif","pekatransitif","dikredit"
"vpasif","pekatransitif","dikuasai"
"vpasif","pekatransitif","dikucilkan"
"vpasif","pekatransitif","dikukuhkan"
"vpasif","pekatransitif","dikurangi"
"vpasif","pekatransitif","dikutip"
"vpasif","pekatransitif","dilacak"
"vpasif","pekatransitif","dilahirkan"
"vpasif","pekatransitif","dilaksanakan"
"vpasif","pekatransitif","dilakukan"
"vpasif","pekatransitif","dilakukannya"
"vpasif","pekatransitif","dilanda"
"vpasif","pekatransitif","dilanggar"
"vpasif","pekatransitif","dilangsungkan"
"vpasif","pekatransitif","dilanjutkan"
"vpasif","pekatransitif","dilantik"
"vpasif","pekatransitif","dilapisi"
"vpasif","pekatransitif","dilaporkan"
"vpasif","pekatransitif","dilarang"
"vpasif","pekatransitif","dilatih"
"vpasif","pekatransitif","dilatihkan"
"vpasif","pekatransitif","dilayani"
"vpasif","pekatransitif","dilengkapi"
"vpasif","pekatransitif","dilepas"
"vpasif","pekatransitif","dilepaskan"
"vpasif","pekatransitif","diletakkan"
"vpasif","pekatransitif","dilibatkan"
"vpasif","pekatransitif","dilihat"
"vpasif","pekatransitif","dilimpahkan"
"vpasif","pekatransitif","dilindungi"
"vpasif","pekatransitif","dilirik"
"vpasif","pekatransitif","diloloskan"
"vpasif","pekatransitif","dilunasi"
"vpasif","pekatransitif","dimajukan"
"vpasif","pekatransitif","dimaksud"
"vpasif","pekatransitif","dimaksudkan"
"vpasif","pekatransitif","dimaksudkannya"
"vpasif","pekatransitif","dimanfaatkan"
"vpasif","pekatransitif","dimasukkan"
"vpasif","pekatransitif","dimekarkan"
"vpasif","pekatransitif","dimeriahkan"
"vpasif","pekatransitif","dimetabolisme"
"vpasif","pekatransitif","dimiliki"
"vpasif","pekatransitif","diminta"
"vpasif","pekatransitif","dimintai"
"vpasif","pekatransitif","dimodelkan"
"vpasif","pekatransitif","dimodifikasi"
"vpasif","pekatransitif","dimuat"
"vpasif","pekatransitif","dimulai"
"vpasif","pekatransitif","dimunculkan"
"vpasif","pekatransitif","dimungkinkan"
"vpasif","pekatransitif","dimusnahkan"
"vpasif","pekatransitif","dinaikkan"
"vpasif","pekatransitif","dinamakan"
"vpasif","pekatransitif","dinilai"
"vpasif","pekatransitif","dinormalisasi"
"vpasif","pekatransitif","dinyatakan"
"vpasif","pekatransitif","diolah"
"vpasif","pekatransitif","dioperasikan"
"vpasif","pekatransitif","diotorisasi"
"vpasif","pekatransitif","dipacking"
"vpasif","pekatransitif","dipakai"
"vpasif","pekatransitif","dipamerkan"
"vpasif","pekatransitif","dipancarkan"
"vpasif","pekatransitif","dipandang"
"vpasif","pekatransitif","dipanggil"
"vpasif","pekatransitif","diparkir"
"vpasif","pekatransitif","dipasang"
"vpasif","pekatransitif","dipastikan"
"vpasif","pekatransitif","dipecahkan"
"vpasif","pekatransitif","dipelajari"
"vpasif","pekatransitif","dipelihara"
"vpasif","pekatransitif","dipengaruhi"
"vpasif","pekatransitif","dipenuhi"
"vpasif","pekatransitif","diperbaharui"
"vpasif","pekatransitif","diperbaiki"
"vpasif","pekatransitif","diperbarui"
"vpasif","pekatransitif","diperbolehkan"
"vpasif","pekatransitif","diperbudak"
"vpasif","pekatransitif","diperdagangkan"
"vpasif","pekatransitif","diperdebatkan"
"vpasif","pekatransitif","dipergunakan"
"vpasif","pekatransitif","dipergunakannya"
"vpasif","pekatransitif","diperhamba"
"vpasif","pekatransitif","diperhatikan"
"vpasif","pekatransitif","diperhentikan"
"vpasif","pekatransitif","diperhitungkan"
"vpasif","pekatransitif","diperiksa"
"vpasif","pekatransitif","diperjualbelikan"
"vpasif","pekatransitif","diperkenalkan"
"vpasif","pekatransitif","diperkenankan"
"vpasif","pekatransitif","diperkirakan"
"vpasif","pekatransitif","diperlukan"
"vpasif","pekatransitif","diperoleh"
"vpasif","pekatransitif","diperpanjang"
"vpasif","pekatransitif","dipertahankan"
"vpasif","pekatransitif","dipertimbangkan"
"vpasif","pekatransitif","dipertukarkan"
"vpasif","pekatransitif","dipetakan"
"vpasif","pekatransitif","dipidana"
"vpasif","pekatransitif","dipilih"
"vpasif","pekatransitif","dipilihnya"
"vpasif","pekatransitif","dipimpin"
"vpasif","pekatransitif","dipinjam"
"vpasif","pekatransitif","dipisahkan"
"vpasif","pekatransitif","diplot"
"vpasif","pekatransitif","dipoles"
"vpasif","pekatransitif","dipopulerkan"
"vpasif","pekatransitif","diprakarsai"
"vpasif","pekatransitif","diproduksi"
"vpasif","pekatransitif","diprogram"
"vpasif","pekatransitif","dipungut"
"vpasif","pekatransitif","diputar"
"vpasif","pekatransitif","diputuskan"
"vpasif","pekatransitif","dirahasiakannya"
"vpasif","pekatransitif","dirakit"
"vpasif","pekatransitif","dirampas"
"vpasif","pekatransitif","dirancang"
"vpasif","pekatransitif","dirasakan"
"vpasif","pekatransitif","dirasakannya"
"vpasif","pekatransitif","dirawat"
"vpasif","pekatransitif","direalisasikan"
"vpasif","pekatransitif","direndam"
"vpasif","pekatransitif","direpresentasikan"
"vpasif","pekatransitif","diresepkan"
"vpasif","pekatransitif","diresmikan"
"vpasif","pekatransitif","direstrukturisasi"
"vpasif","pekatransitif","dirilis"
"vpasif","pekatransitif","dirindukan"
"vpasif","pekatransitif","diris"
"vpasif","pekatransitif","dirugikan"
"vpasif","pekatransitif","disahkan"
"vpasif","pekatransitif","disajikan"
"vpasif","pekatransitif","disalurkan"
"vpasif","pekatransitif","disambungkan"
"vpasif","pekatransitif","disambut"
"vpasif","pekatransitif","disampaikan"
"vpasif","pekatransitif","disandikan"
"vpasif","pekatransitif","disangka"
"vpasif","pekatransitif","disebabkan"
"vpasif","pekatransitif","disebut"
"vpasif","pekatransitif","disediakan"
"vpasif","pekatransitif","diselenggarakan"
"vpasif","pekatransitif","diselenggarakannya"
"vpasif","pekatransitif","diselesaikan"
"vpasif","pekatransitif","disemprotkan"
"vpasif","pekatransitif","disengaja"
"vpasif","pekatransitif","disentuh"
"vpasif","pekatransitif","diserahkan"
"vpasif","pekatransitif","diserbu"
"vpasif","pekatransitif","disertai"
"vpasif","pekatransitif","disesuaikan"
"vpasif","pekatransitif","disetor"
"vpasif","pekatransitif","disetujui"
"vpasif","pekatransitif","disiapkan"
"vpasif","pekatransitif","disiarkan"
"vpasif","pekatransitif","disidik"
"vpasif","pekatransitif","disiksa"
"vpasif","pekatransitif","disimbolkan"
"vpasif","pekatransitif","disingkat"
"vpasif","pekatransitif","diskorsing"
"vpasif","pekatransitif","disodori"
"vpasif","pekatransitif","disukainya"
"vpasif","pekatransitif","disusulkan"
"vpasif","pekatransitif","disusun"
"vpasif","pekatransitif","disutradarai"
"vpasif","pekatransitif","ditagih"
"vpasif","pekatransitif","ditahan"
"vpasif","pekatransitif","ditamukan"
"vpasif","pekatransitif","ditandatangani"
"vpasif","pekatransitif","ditangani"
"vpasif","pekatransitif","ditanganinya"
"vpasif","pekatransitif","ditangkap"
"vpasif","pekatransitif","ditantang"
"vpasif","pekatransitif","ditarik"
"vpasif","pekatransitif","ditawari"
"vpasif","pekatransitif","ditawarkan"
"vpasif","pekatransitif","ditayangkan"
"vpasif","pekatransitif","ditegakkan"
"vpasif","pekatransitif","ditegaskan"
"vpasif","pekatransitif","ditekan"
"vpasif","pekatransitif","diteliti"
"vpasif","pekatransitif","ditelpon"
"vpasif","pekatransitif","ditempuh"
"vpasif","pekatransitif","ditempuhnya"
"vpasif","pekatransitif","ditemukan"
"vpasif","pekatransitif","ditemukembalikan"
"vpasif","pekatransitif","ditentukan"
"vpasif","pekatransitif","diterapkan"
"vpasif","pekatransitif","diterbitkan"
"vpasif","pekatransitif","diterima"
"vpasif","pekatransitif","diterimanya"
"vpasif","pekatransitif","diteruskan"
"vpasif","pekatransitif","ditetapkan"
"vpasif","pekatransitif","ditetapkannya"
"vpasif","pekatransitif","ditimbulkan"
"vpasif","pekatransitif","ditimbun"
"vpasif","pekatransitif","ditimpakan"
"vpasif","pekatransitif","ditindak"
"vpasif","pekatransitif","ditingkatkan"
"vpasif","pekatransitif","ditolerir"
"vpasif","pekatransitif","ditransmisikan"
"vpasif","pekatransitif","dituangkan"
"vpasif","pekatransitif","ditujukan"
"vpasif","pekatransitif","ditunda"
"vpasif","pekatransitif","ditunjuk"
"vpasif","pekatransitif","dituntaskan"
"vpasif","pekatransitif","dituntut"
"vpasif","pekatransitif","diturunkan"
"vpasif","pekatransitif","ditusukkan"
"vpasif","pekatransitif","diubah"
"vpasif","pekatransitif","diuji"
"vpasif","pekatransitif","diukur"
"vpasif","pekatransitif","diundangkan"
"vpasif","pekatransitif","diusulkan"
"vpasif","pekatransitif","diutarakan"
"vpasif","pekatransitif","diwajibkan"
"vpasif","pekatransitif","diwarnai"
"vpasif","pekatransitif","diyakini"
"vpasif","pekatransitif","easycase"
"vpasif","pekatransitif","file"
"vpasif","pekatransitif","fourier"
"vpasif","pekatransitif","freephone"
"vpasif","pekatransitif","group"
"vpasif","pekatransitif","hidrolisa"
"vpasif","pekatransitif","infix"
"vpasif","pekatransitif","k"
"vpasif","pekatransitif","keluar"
"vpasif","pekatransitif","ketahuan"
"vpasif","pekatransitif","teradsorbsi"
"vpasif","pekatransitif","terambil"
"vpasif","pekatransitif","terbangkit"
"vpasif","pekatransitif","terbatas"
"vpasif","pekatransitif","terbunuh"
"vpasif","pekatransitif","tercakup"
"vpasif","pekatransitif","tercantum"
"vpasif","pekatransitif","tercapai"
"vpasif","pekatransitif","terdapat"
"vpasif","pekatransitif","terdeposit"
"vpasif","pekatransitif","terenkripsi"
"vpasif","pekatransitif","tergabung"
"vpasif","pekatransitif","tergeser"
"vpasif","pekatransitif","terhitung"
"vpasif","pekatransitif","terhubung"
"vpasif","pekatransitif","terjadi"
"vpasif","pekatransitif","terjadinya"
"vpasif","pekatransitif","terjalin"
"vpasif","pekatransitif","terkandung"
"vpasif","pekatransitif","terkena"
"vpasif","pekatransitif","terlacak"
"vpasif","pekatransitif","terlampir"
"vpasif","pekatransitif","terlepas"
"vpasif","pekatransitif","terlihat"
"vpasif","pekatransitif","terpadu"
"vpasif","pekatransitif","terpenting"
"vpasif","pekatransitif","terpikat"
"vpasif","pekatransitif","terpilih"
"vpasif","pekatransitif","terpisah"
"vpasif","pekatransitif","terserap"
"vpasif","pekatransitif","tersusun"
"vpasif","pekatransitif","teruji"
"vpasif","ptberpelengkap","dibatalkan"
"vpasif","ptberpelengkap","berwajib"
"vpasif","ptberpelengkap","diabaikan"
"vpasif","ptberpelengkap","diadakan"
"vpasif","ptberpelengkap","diadili"
"vpasif","ptberpelengkap","diadukan"
"vpasif","ptberpelengkap","diajarkan"
"vpasif","ptberpelengkap","diajukan"
"vpasif","ptberpelengkap","diakhiri"
"vpasif","ptberpelengkap","diakibatkan"
"vpasif","ptberpelengkap","diakses"
"vpasif","ptberpelengkap","diakui"
"vpasif","ptberpelengkap","dialami"
"vpasif","ptberpelengkap","diamati"
"vpasif","ptberpelengkap","diambil"
"vpasif","ptberpelengkap","dianalisa"
"vpasif","ptberpelengkap","dianalisis"
"vpasif","ptberpelengkap","diancam"
"vpasif","ptberpelengkap","dianggarkan"
"vpasif","ptberpelengkap","diangkat"
"vpasif","ptberpelengkap","diangkut"
"vpasif","ptberpelengkap","dianjurkan"
"vpasif","ptberpelengkap","diantaranya"
"vpasif","ptberpelengkap","diarahkan"
"vpasif","ptberpelengkap","diartikan"
"vpasif","ptberpelengkap","diasingkan"
"vpasif","ptberpelengkap","diasuh"
"vpasif","ptberpelengkap","diatasi"
"vpasif","ptberpelengkap","diatur"
"vpasif","ptberpelengkap","diawali"
"vpasif","ptberpelengkap","dibaca"
"vpasif","ptberpelengkap","dibagi"
"vpasif","ptberpelengkap","dibahas"
"vpasif","ptberpelengkap","dibandingkan"
"vpasif","ptberpelengkap","dibangkitkan"
"vpasif","ptberpelengkap","dibangun"
"vpasif","ptberpelengkap","dibantu"
"vpasif","ptberpelengkap","dibatasi"
"vpasif","ptberpelengkap","dibawa"
"vpasif","ptberpelengkap","dibawanya"
"vpasif","ptberpelengkap","dibayar"
"vpasif","ptberpelengkap","dibebani"
"vpasif","ptberpelengkap","dibebankan"
"vpasif","ptberpelengkap","dibedakan"
"vpasif","ptberpelengkap","dibeli"
"vpasif","ptberpelengkap","dibelikan"
"vpasif","ptberpelengkap","dibelinya"
"vpasif","ptberpelengkap","dibenahi"
"vpasif","ptberpelengkap","dibenarkan"
"vpasif","ptberpelengkap","dibentuk"
"vpasif","ptberpelengkap","diberdayakan"
"vpasif","ptberpelengkap","diberhentikan"
"vpasif","ptberpelengkap","diberi"
"vpasif","ptberpelengkap","diberikan"
"vpasif","ptberpelengkap","diberitahu"
"vpasif","ptberpelengkap","diberitahukan"
"vpasif","ptberpelengkap","diberitakan"
"vpasif","ptberpelengkap","diberlakukan"
"vpasif","ptberpelengkap","diberlakukannya"
"vpasif","ptberpelengkap","dibesarkan"
"vpasif","ptberpelengkap","dibicarakan"
"vpasif","ptberpelengkap","dibimbing"
"vpasif","ptberpelengkap","dibuang"
"vpasif","ptberpelengkap","dibuat"
"vpasif","ptberpelengkap","dibuktikan"
"vpasif","ptberpelengkap","dibutuhkan"
"vpasif","ptberpelengkap","dicabut"
"vpasif","ptberpelengkap","dicampuri"
"vpasif","ptberpelengkap","dicantumkan"
"vpasif","ptberpelengkap","dicapai"
"vpasif","ptberpelengkap","dicari"
"vpasif","ptberpelengkap","dicegah"
"vpasif","ptberpelengkap","didakwa"
"vpasif","ptberpelengkap","didampingi"
"vpasif","ptberpelengkap","didapat"
"vpasif","ptberpelengkap","didapatkan"
"vpasif","ptberpelengkap","didasarkan"
"vpasif","ptberpelengkap","dideaktifkan"
"vpasif","ptberpelengkap","didefinisikan"
"vpasif","ptberpelengkap","didekomisi"
"vpasif","ptberpelengkap","didepak"
"vpasif","ptberpelengkap","diderita"
"vpasif","ptberpelengkap","dideskripsikan"
"vpasif","ptberpelengkap","dideteksi"
"vpasif","ptberpelengkap","dididik"
"vpasif","ptberpelengkap","didirikan"
"vpasif","ptberpelengkap","didistribusikan"
"vpasif","ptberpelengkap","didorong"
"vpasif","ptberpelengkap","di"
"vpasif","ptberpelengkap","didukung"
"vpasif","ptberpelengkap","diedarkan"
"vpasif","ptberpelengkap","dieliminasi"
"vpasif","ptberpelengkap","dienkripsi"
"vpasif","ptberpelengkap","difluorinasi"
"vpasif","ptberpelengkap","difokuskan"
"vpasif","ptberpelengkap","digabung"
"vpasif","ptberpelengkap","digambarkan"
"vpasif","ptberpelengkap","diganggu"
"vpasif","ptberpelengkap","diganjar"
"vpasif","ptberpelengkap","diganti"
"vpasif","ptberpelengkap","digarap"
"vpasif","ptberpelengkap","digelar"
"vpasif","ptberpelengkap","digolongkan"
"vpasif","ptberpelengkap","digunakan"
"vpasif","ptberpelengkap","dihadapi"
"vpasif","ptberpelengkap","dihadapkan"
"vpasif","ptberpelengkap","dihadiri"
"vpasif","ptberpelengkap","dihadirkan"
"vpasif","ptberpelengkap","dihakimi"
"vpasif","ptberpelengkap","dihambat"
"vpasif","ptberpelengkap","dihantarkan"
"vpasif","ptberpelengkap","dihapus"
"vpasif","ptberpelengkap","dihapuskan"
"vpasif","ptberpelengkap","diharapkan"
"vpasif","ptberpelengkap","dihasilkan"
"vpasif","ptberpelengkap","dihentikan"
"vpasif","ptberpelengkap","dihindari"
"vpasif","ptberpelengkap","dihitung"
"vpasif","ptberpelengkap","dihormati"
"vpasif","ptberpelengkap","dihubungkan"
"vpasif","ptberpelengkap","dihukum"
"vpasif","ptberpelengkap","diidentifikasi"
"vpasif","ptberpelengkap","diijinkan"
"vpasif","ptberpelengkap","diikuti"
"vpasif","ptberpelengkap","diikutkan"
"vpasif","ptberpelengkap","diimobilkan"
"vpasif","ptberpelengkap","diindeks"
"vpasif","ptberpelengkap","diintegrasikan"
"vpasif","ptberpelengkap","diinterpretasikan"
"vpasif","ptberpelengkap","diisi"
"vpasif","ptberpelengkap","dijabat"
"vpasif","ptberpelengkap","dijadikan"
"vpasif","ptberpelengkap","dijaga"
"vpasif","ptberpelengkap","dijalani"
"vpasif","ptberpelengkap","dijalankan"
"vpasif","ptberpelengkap","dijamin"
"vpasif","ptberpelengkap","dijatuhi"
"vpasif","ptberpelengkap","dijatuhkan"
"vpasif","ptberpelengkap","dijawab"
"vpasif","ptberpelengkap","dijelaskan"
"vpasif","ptberpelengkap","dijualnya"
"vpasif","ptberpelengkap","dijuluki"
"vpasif","ptberpelengkap","dijumpai"
"vpasif","ptberpelengkap","dijunjung"
"vpasif","ptberpelengkap","dikabarkan"
"vpasif","ptberpelengkap","dikaitkan"
"vpasif","ptberpelengkap","dikandungnya"
"vpasif","ptberpelengkap","dikarenakan"
"vpasif","ptberpelengkap","dikaruniai"
"vpasif","ptberpelengkap","dikatakan"
"vpasif","ptberpelengkap","dikategorikan"
"vpasif","ptberpelengkap","dikecualikan"
"vpasif","ptberpelengkap","dikejutkan"
"vpasif","ptberpelengkap","dikelola"
"vpasif","ptberpelengkap","dikelompokkan"
"vpasif","ptberpelengkap","dikeluarkan"
"vpasif","ptberpelengkap","dikeluarkannya"
"vpasif","ptberpelengkap","dikemas"
"vpasif","ptberpelengkap","dikembalikan"
"vpasif","ptberpelengkap","dikembangkan"
"vpasif","ptberpelengkap","dikemukakan"
"vpasif","ptberpelengkap","dikenakan"
"vpasif","ptberpelengkap","dikenal"
"vpasif","ptberpelengkap","dikenali"
"vpasif","ptberpelengkap","diketahui"
"vpasif","ptberpelengkap","diketuai"
"vpasif","ptberpelengkap","dikhawatirkan"
"vpasif","ptberpelengkap","dikirim"
"vpasif","ptberpelengkap","diklasifikasikan"
"vpasif","ptberpelengkap","dikombinasikan"
"vpasif","ptberpelengkap","dikonsultasikan"
"vpasif","ptberpelengkap","dikonversikan"
"vpasif","ptberpelengkap","dikoordinasikan"
"vpasif","ptberpelengkap","dikosongkan"
"vpasif","ptberpelengkap","dikredit"
"vpasif","ptberpelengkap","dikuasai"
"vpasif","ptberpelengkap","dikucilkan"
"vpasif","ptberpelengkap","dikukuhkan"
"vpasif","ptberpelengkap","dikurangi"
"vpasif","ptberpelengkap","dikutip"
"vpasif","ptberpelengkap","dilacak"
"vpasif","ptberpelengkap","dilahirkan"
"vpasif","ptberpelengkap","dilaksanakan"
"vpasif","ptberpelengkap","dilakukan"
"vpasif","ptberpelengkap","dilakukannya"
"vpasif","ptberpelengkap","dilanda"
"vpasif","ptberpelengkap","dilanggar"
"vpasif","ptberpelengkap","dilangsungkan"
"vpasif","ptberpelengkap","dilanjutkan"
"vpasif","ptberpelengkap","dilantik"
"vpasif","ptberpelengkap","dilapisi"
"vpasif","ptberpelengkap","dilaporkan"
"vpasif","ptberpelengkap","dilarang"
"vpasif","ptberpelengkap","dilatih"
"vpasif","ptberpelengkap","dilatihkan"
"vpasif","ptberpelengkap","dilayani"
"vpasif","ptberpelengkap","dilengkapi"
"vpasif","ptberpelengkap","dilepas"
"vpasif","ptberpelengkap","dilepaskan"
"vpasif","ptberpelengkap","diletakkan"
"vpasif","ptberpelengkap","dilibatkan"
"vpasif","ptberpelengkap","dilihat"
"vpasif","ptberpelengkap","dilimpahkan"
"vpasif","ptberpelengkap","dilindungi"
"vpasif","ptberpelengkap","dilirik"
"vpasif","ptberpelengkap","diloloskan"
"vpasif","ptberpelengkap","dilunasi"
"vpasif","ptberpelengkap","dimajukan"
"vpasif","ptberpelengkap","dimaksud"
"vpasif","ptberpelengkap","dimaksudkan"
"vpasif","ptberpelengkap","dimaksudkannya"
"vpasif","ptberpelengkap","dimanfaatkan"
"vpasif","ptberpelengkap","dimasukkan"
"vpasif","ptberpelengkap","dimekarkan"
"vpasif","ptberpelengkap","dimeriahkan"
"vpasif","ptberpelengkap","dimetabolisme"
"vpasif","ptberpelengkap","dimiliki"
"vpasif","ptberpelengkap","diminta"
"vpasif","ptberpelengkap","dimintai"
"vpasif","ptberpelengkap","dimodelkan"
"vpasif","ptberpelengkap","dimodifikasi"
"vpasif","ptberpelengkap","dimuat"
"vpasif","ptberpelengkap","dimulai"
"vpasif","ptberpelengkap","dimunculkan"
"vpasif","ptberpelengkap","dimungkinkan"
"vpasif","ptberpelengkap","dimusnahkan"
"vpasif","ptberpelengkap","dinaikkan"
"vpasif","ptberpelengkap","dinamakan"
"vpasif","ptberpelengkap","dinilai"
"vpasif","ptberpelengkap","dinormalisasi"
"vpasif","ptberpelengkap","dinyatakan"
"vpasif","ptberpelengkap","diolah"
"vpasif","ptberpelengkap","dioperasikan"
"vpasif","ptberpelengkap","diotorisasi"
"vpasif","ptberpelengkap","dipacking"
"vpasif","ptberpelengkap","dipakai"
"vpasif","ptberpelengkap","dipamerkan"
"vpasif","ptberpelengkap","dipancarkan"
"vpasif","ptberpelengkap","dipandang"
"vpasif","ptberpelengkap","dipanggil"
"vpasif","ptberpelengkap","diparkir"
"vpasif","ptberpelengkap","dipasang"
"vpasif","ptberpelengkap","dipastikan"
"vpasif","ptberpelengkap","dipecahkan"
"vpasif","ptberpelengkap","dipelajari"
"vpasif","ptberpelengkap","dipelihara"
"vpasif","ptberpelengkap","dipengaruhi"
"vpasif","ptberpelengkap","dipenuhi"
"vpasif","ptberpelengkap","diperbaharui"
"vpasif","ptberpelengkap","diperbaiki"
"vpasif","ptberpelengkap","diperbarui"
"vpasif","ptberpelengkap","diperbolehkan"
"vpasif","ptberpelengkap","diperbudak"
"vpasif","ptberpelengkap","diperdagangkan"
"vpasif","ptberpelengkap","diperdebatkan"
"vpasif","ptberpelengkap","dipergunakan"
"vpasif","ptberpelengkap","dipergunakannya"
"vpasif","ptberpelengkap","diperhamba"
"vpasif","ptberpelengkap","diperhatikan"
"vpasif","ptberpelengkap","diperhentikan"
"vpasif","ptberpelengkap","diperhitungkan"
"vpasif","ptberpelengkap","diperiksa"
"vpasif","ptberpelengkap","diperjualbelikan"
"vpasif","ptberpelengkap","diperkenalkan"
"vpasif","ptberpelengkap","diperkenankan"
"vpasif","ptberpelengkap","diperkirakan"
"vpasif","ptberpelengkap","diperlukan"
"vpasif","ptberpelengkap","diperoleh"
"vpasif","ptberpelengkap","diperpanjang"
"vpasif","ptberpelengkap","dipertahankan"
"vpasif","ptberpelengkap","dipertimbangkan"
"vpasif","ptberpelengkap","dipertukarkan"
"vpasif","ptberpelengkap","dipetakan"
"vpasif","ptberpelengkap","dipidana"
"vpasif","ptberpelengkap","dipilih"
"vpasif","ptberpelengkap","dipilihnya"
"vpasif","ptberpelengkap","dipimpin"
"vpasif","ptberpelengkap","dipinjam"
"vpasif","ptberpelengkap","dipisahkan"
"vpasif","ptberpelengkap","diplot"
"vpasif","ptberpelengkap","dipoles"
"vpasif","ptberpelengkap","dipopulerkan"
"vpasif","ptberpelengkap","diprakarsai"
"vpasif","ptberpelengkap","diproduksi"
"vpasif","ptberpelengkap","diprogram"
"vpasif","ptberpelengkap","dipungut"
"vpasif","ptberpelengkap","diputar"
"vpasif","ptberpelengkap","diputuskan"
"vpasif","ptberpelengkap","dirahasiakannya"
"vpasif","ptberpelengkap","dirakit"
"vpasif","ptberpelengkap","dirampas"
"vpasif","ptberpelengkap","dirancang"
"vpasif","ptberpelengkap","dirasakan"
"vpasif","ptberpelengkap","dirasakannya"
"vpasif","ptberpelengkap","dirawat"
"vpasif","ptberpelengkap","direalisasikan"
"vpasif","ptberpelengkap","direndam"
"vpasif","ptberpelengkap","direpresentasikan"
"vpasif","ptberpelengkap","diresepkan"
"vpasif","ptberpelengkap","diresmikan"
"vpasif","ptberpelengkap","direstrukturisasi"
"vpasif","ptberpelengkap","dirilis"
"vpasif","ptberpelengkap","dirindukan"
"vpasif","ptberpelengkap","diris"
"vpasif","ptberpelengkap","dirugikan"
"vpasif","ptberpelengkap","disahkan"
"vpasif","ptberpelengkap","disajikan"
"vpasif","ptberpelengkap","disalurkan"
"vpasif","ptberpelengkap","disambungkan"
"vpasif","ptberpelengkap","disambut"
"vpasif","ptberpelengkap","disampaikan"
"vpasif","ptberpelengkap","disandikan"
"vpasif","ptberpelengkap","disangka"
"vpasif","ptberpelengkap","disebabkan"
"vpasif","ptberpelengkap","disebut"
"vpasif","ptberpelengkap","disediakan"
"vpasif","ptberpelengkap","diselenggarakan"
"vpasif","ptberpelengkap","diselenggarakannya"
"vpasif","ptberpelengkap","diselesaikan"
"vpasif","ptberpelengkap","disemprotkan"
"vpasif","ptberpelengkap","disengaja"
"vpasif","ptberpelengkap","disentuh"
"vpasif","ptberpelengkap","diserahkan"
"vpasif","ptberpelengkap","diserbu"
"vpasif","ptberpelengkap","disertai"
"vpasif","ptberpelengkap","disesuaikan"
"vpasif","ptberpelengkap","disetor"
"vpasif","ptberpelengkap","disetujui"
"vpasif","ptberpelengkap","disiapkan"
"vpasif","ptberpelengkap","disiarkan"
"vpasif","ptberpelengkap","disidik"
"vpasif","ptberpelengkap","disiksa"
"vpasif","ptberpelengkap","disimbolkan"
"vpasif","ptberpelengkap","disingkat"
"vpasif","ptberpelengkap","diskorsing"
"vpasif","ptberpelengkap","disodori"
"vpasif","ptberpelengkap","disukainya"
"vpasif","ptberpelengkap","disusulkan"
"vpasif","ptberpelengkap","disusun"
"vpasif","ptberpelengkap","disutradarai"
"vpasif","ptberpelengkap","ditagih"
"vpasif","ptberpelengkap","ditahan"
"vpasif","ptberpelengkap","ditamukan"
"vpasif","ptberpelengkap","ditandatangani"
"vpasif","ptberpelengkap","ditangani"
"vpasif","ptberpelengkap","ditanganinya"
"vpasif","ptberpelengkap","ditangkap"
"vpasif","ptberpelengkap","ditantang"
"vpasif","ptberpelengkap","ditarik"
"vpasif","ptberpelengkap","ditawari"
"vpasif","ptberpelengkap","ditawarkan"
"vpasif","ptberpelengkap","ditayangkan"
"vpasif","ptberpelengkap","ditegakkan"
"vpasif","ptberpelengkap","ditegaskan"
"vpasif","ptberpelengkap","ditekan"
"vpasif","ptberpelengkap","diteliti"
"vpasif","ptberpelengkap","ditelpon"
"vpasif","ptberpelengkap","ditempuh"
"vpasif","ptberpelengkap","ditempuhnya"
"vpasif","ptberpelengkap","ditemukan"
"vpasif","ptberpelengkap","ditemukembalikan"
"vpasif","ptberpelengkap","ditentukan"
"vpasif","ptberpelengkap","diterapkan"
"vpasif","ptberpelengkap","diterbitkan"
"vpasif","ptberpelengkap","diterima"
"vpasif","ptberpelengkap","diterimanya"
"vpasif","ptberpelengkap","diteruskan"
"vpasif","ptberpelengkap","ditetapkan"
"vpasif","ptberpelengkap","ditetapkannya"
"vpasif","ptberpelengkap","ditimbulkan"
"vpasif","ptberpelengkap","ditimbun"
"vpasif","ptberpelengkap","ditimpakan"
"vpasif","ptberpelengkap","ditindak"
"vpasif","ptberpelengkap","ditingkatkan"
"vpasif","ptberpelengkap","ditolerir"
"vpasif","ptberpelengkap","ditransmisikan"
"vpasif","ptberpelengkap","dituangkan"
"vpasif","ptberpelengkap","ditujukan"
"vpasif","ptberpelengkap","ditunda"
"vpasif","ptberpelengkap","ditunjuk"
"vpasif","ptberpelengkap","dituntaskan"
"vpasif","ptberpelengkap","dituntut"
"vpasif","ptberpelengkap","diturunkan"
"vpasif","ptberpelengkap","ditusukkan"
"vpasif","ptberpelengkap","diubah"
"vpasif","ptberpelengkap","diuji"
"vpasif","ptberpelengkap","diukur"
"vpasif","ptberpelengkap","diundangkan"
"vpasif","ptberpelengkap","diusulkan"
"vpasif","ptberpelengkap","diutarakan"
"vpasif","ptberpelengkap","diwajibkan"
"vpasif","ptberpelengkap","diwarnai"
"vpasif","ptberpelengkap","diyakini"
"vpasif","ptberpelengkap","easycase"
"vpasif","ptberpelengkap","file"
"vpasif","ptberpelengkap","fourier"
"vpasif","ptberpelengkap","freephone"
"vpasif","ptberpelengkap","group"
"vpasif","ptberpelengkap","hidrolisa"
"vpasif","ptberpelengkap","infix"
"vpasif","ptberpelengkap","k"
"vpasif","ptberpelengkap","keluar"
"vpasif","ptberpelengkap","ketahuan"
"vpasif","ptberpelengkap","teradsorbsi"
"vpasif","ptberpelengkap","terambil"
"vpasif","ptberpelengkap","terbangkit"
"vpasif","ptberpelengkap","terbatas"
"vpasif","ptberpelengkap","terbunuh"
"vpasif","ptberpelengkap","tercakup"
"vpasif","ptberpelengkap","tercantum"
"vpasif","ptberpelengkap","tercapai"
"vpasif","ptberpelengkap","terdapat"
"vpasif","ptberpelengkap","terdeposit"
"vpasif","ptberpelengkap","terenkripsi"
"vpasif","ptberpelengkap","tergabung"
"vpasif","ptberpelengkap","tergeser"
"vpasif","ptberpelengkap","terhitung"
"vpasif","ptberpelengkap","terhubung"
"vpasif","ptberpelengkap","terjadi"
"vpasif","ptberpelengkap","terjadinya"
"vpasif","ptberpelengkap","terjalin"
"vpasif","ptberpelengkap","terkandung"
"vpasif","ptberpelengkap","terkena"
"vpasif","ptberpelengkap","terlacak"
"vpasif","ptberpelengkap","terlampir"
"vpasif","ptberpelengkap","terlepas"
"vpasif","ptberpelengkap","terlihat"
"vpasif","ptberpelengkap","terpadu"
"vpasif","ptberpelengkap","terpenting"
"vpasif","ptberpelengkap","terpikat"
"vpasif","ptberpelengkap","terpilih"
"vpasif","ptberpelengkap","terpisah"
"vpasif","ptberpelengkap","terserap"
"vpasif","ptberpelengkap","tersusun"
"vpasif","ptberpelengkap","teruji"
"vpasif","pberpelengkap","dibatalkan"
"vpasif","pberpelengkap","berwajib"
"vpasif","pberpelengkap","diabaikan"
"vpasif","pberpelengkap","diadakan"
"vpasif","pberpelengkap","diadili"
"vpasif","pberpelengkap","diadukan"
"vpasif","pberpelengkap","diajarkan"
"vpasif","pberpelengkap","diajukan"
"vpasif","pberpelengkap","diakhiri"
"vpasif","pberpelengkap","diakibatkan"
"vpasif","pberpelengkap","diakses"
"vpasif","pberpelengkap","diakui"
"vpasif","pberpelengkap","dialami"
"vpasif","pberpelengkap","diamati"
"vpasif","pberpelengkap","diambil"
"vpasif","pberpelengkap","dianalisa"
"vpasif","pberpelengkap","dianalisis"
"vpasif","pberpelengkap","diancam"
"vpasif","pberpelengkap","dianggarkan"
"vpasif","pberpelengkap","diangkat"
"vpasif","pberpelengkap","diangkut"
"vpasif","pberpelengkap","dianjurkan"
"vpasif","pberpelengkap","diantaranya"
"vpasif","pberpelengkap","diarahkan"
"vpasif","pberpelengkap","diartikan"
"vpasif","pberpelengkap","diasingkan"
"vpasif","pberpelengkap","diasuh"
"vpasif","pberpelengkap","diatasi"
"vpasif","pberpelengkap","diatur"
"vpasif","pberpelengkap","diawali"
"vpasif","pberpelengkap","dibaca"
"vpasif","pberpelengkap","dibagi"
"vpasif","pberpelengkap","dibahas"
"vpasif","pberpelengkap","dibandingkan"
"vpasif","pberpelengkap","dibangkitkan"
"vpasif","pberpelengkap","dibangun"
"vpasif","pberpelengkap","dibantu"
"vpasif","pberpelengkap","dibatasi"
"vpasif","pberpelengkap","dibawa"
"vpasif","pberpelengkap","dibawanya"
"vpasif","pberpelengkap","dibayar"
"vpasif","pberpelengkap","dibebani"
"vpasif","pberpelengkap","dibebankan"
"vpasif","pberpelengkap","dibedakan"
"vpasif","pberpelengkap","dibeli"
"vpasif","pberpelengkap","dibelikan"
"vpasif","pberpelengkap","dibelinya"
"vpasif","pberpelengkap","dibenahi"
"vpasif","pberpelengkap","dibenarkan"
"vpasif","pberpelengkap","dibentuk"
"vpasif","pberpelengkap","diberdayakan"
"vpasif","pberpelengkap","diberhentikan"
"vpasif","pberpelengkap","diberi"
"vpasif","pberpelengkap","diberikan"
"vpasif","pberpelengkap","diberitahu"
"vpasif","pberpelengkap","diberitahukan"
"vpasif","pberpelengkap","diberitakan"
"vpasif","pberpelengkap","diberlakukan"
"vpasif","pberpelengkap","diberlakukannya"
"vpasif","pberpelengkap","dibesarkan"
"vpasif","pberpelengkap","dibicarakan"
"vpasif","pberpelengkap","dibimbing"
"vpasif","pberpelengkap","dibuang"
"vpasif","pberpelengkap","dibuat"
"vpasif","pberpelengkap","dibuktikan"
"vpasif","pberpelengkap","dibutuhkan"
"vpasif","pberpelengkap","dicabut"
"vpasif","pberpelengkap","dicampuri"
"vpasif","pberpelengkap","dicantumkan"
"vpasif","pberpelengkap","dicapai"
"vpasif","pberpelengkap","dicari"
"vpasif","pberpelengkap","dicegah"
"vpasif","pberpelengkap","didakwa"
"vpasif","pberpelengkap","didampingi"
"vpasif","pberpelengkap","didapat"
"vpasif","pberpelengkap","didapatkan"
"vpasif","pberpelengkap","didasarkan"
"vpasif","pberpelengkap","dideaktifkan"
"vpasif","pberpelengkap","didefinisikan"
"vpasif","pberpelengkap","didekomisi"
"vpasif","pberpelengkap","didepak"
"vpasif","pberpelengkap","diderita"
"vpasif","pberpelengkap","dideskripsikan"
"vpasif","pberpelengkap","dideteksi"
"vpasif","pberpelengkap","dididik"
"vpasif","pberpelengkap","didirikan"
"vpasif","pberpelengkap","didistribusikan"
"vpasif","pberpelengkap","didorong"
"vpasif","pberpelengkap","di"
"vpasif","pberpelengkap","didukung"
"vpasif","pberpelengkap","diedarkan"
"vpasif","pberpelengkap","dieliminasi"
"vpasif","pberpelengkap","dienkripsi"
"vpasif","pberpelengkap","difluorinasi"
"vpasif","pberpelengkap","difokuskan"
"vpasif","pberpelengkap","digabung"
"vpasif","pberpelengkap","digambarkan"
"vpasif","pberpelengkap","diganggu"
"vpasif","pberpelengkap","diganjar"
"vpasif","pberpelengkap","diganti"
"vpasif","pberpelengkap","digarap"
"vpasif","pberpelengkap","digelar"
"vpasif","pberpelengkap","digolongkan"
"vpasif","pberpelengkap","digunakan"
"vpasif","pberpelengkap","dihadapi"
"vpasif","pberpelengkap","dihadapkan"
"vpasif","pberpelengkap","dihadiri"
"vpasif","pberpelengkap","dihadirkan"
"vpasif","pberpelengkap","dihakimi"
"vpasif","pberpelengkap","dihambat"
"vpasif","pberpelengkap","dihantarkan"
"vpasif","pberpelengkap","dihapus"
"vpasif","pberpelengkap","dihapuskan"
"vpasif","pberpelengkap","diharapkan"
"vpasif","pberpelengkap","dihasilkan"
"vpasif","pberpelengkap","dihentikan"
"vpasif","pberpelengkap","dihindari"
"vpasif","pberpelengkap","dihitung"
"vpasif","pberpelengkap","dihormati"
"vpasif","pberpelengkap","dihubungkan"
"vpasif","pberpelengkap","dihukum"
"vpasif","pberpelengkap","diidentifikasi"
"vpasif","pberpelengkap","diijinkan"
"vpasif","pberpelengkap","diikuti"
"vpasif","pberpelengkap","diikutkan"
"vpasif","pberpelengkap","diimobilkan"
"vpasif","pberpelengkap","diindeks"
"vpasif","pberpelengkap","diintegrasikan"
"vpasif","pberpelengkap","diinterpretasikan"
"vpasif","pberpelengkap","diisi"
"vpasif","pberpelengkap","dijabat"
"vpasif","pberpelengkap","dijadikan"
"vpasif","pberpelengkap","dijaga"
"vpasif","pberpelengkap","dijalani"
"vpasif","pberpelengkap","dijalankan"
"vpasif","pberpelengkap","dijamin"
"vpasif","pberpelengkap","dijatuhi"
"vpasif","pberpelengkap","dijatuhkan"
"vpasif","pberpelengkap","dijawab"
"vpasif","pberpelengkap","dijelaskan"
"vpasif","pberpelengkap","dijualnya"
"vpasif","pberpelengkap","dijuluki"
"vpasif","pberpelengkap","dijumpai"
"vpasif","pberpelengkap","dijunjung"
"vpasif","pberpelengkap","dikabarkan"
"vpasif","pberpelengkap","dikaitkan"
"vpasif","pberpelengkap","dikandungnya"
"vpasif","pberpelengkap","dikarenakan"
"vpasif","pberpelengkap","dikaruniai"
"vpasif","pberpelengkap","dikatakan"
"vpasif","pberpelengkap","dikategorikan"
"vpasif","pberpelengkap","dikecualikan"
"vpasif","pberpelengkap","dikejutkan"
"vpasif","pberpelengkap","dikelola"
"vpasif","pberpelengkap","dikelompokkan"
"vpasif","pberpelengkap","dikeluarkan"
"vpasif","pberpelengkap","dikeluarkannya"
"vpasif","pberpelengkap","dikemas"
"vpasif","pberpelengkap","dikembalikan"
"vpasif","pberpelengkap","dikembangkan"
"vpasif","pberpelengkap","dikemukakan"
"vpasif","pberpelengkap","dikenakan"
"vpasif","pberpelengkap","dikenal"
"vpasif","pberpelengkap","dikenali"
"vpasif","pberpelengkap","diketahui"
"vpasif","pberpelengkap","diketuai"
"vpasif","pberpelengkap","dikhawatirkan"
"vpasif","pberpelengkap","dikirim"
"vpasif","pberpelengkap","diklasifikasikan"
"vpasif","pberpelengkap","dikombinasikan"
"vpasif","pberpelengkap","dikonsultasikan"
"vpasif","pberpelengkap","dikonversikan"
"vpasif","pberpelengkap","dikoordinasikan"
"vpasif","pberpelengkap","dikosongkan"
"vpasif","pberpelengkap","dikredit"
"vpasif","pberpelengkap","dikuasai"
"vpasif","pberpelengkap","dikucilkan"
"vpasif","pberpelengkap","dikukuhkan"
"vpasif","pberpelengkap","dikurangi"
"vpasif","pberpelengkap","dikutip"
"vpasif","pberpelengkap","dilacak"
"vpasif","pberpelengkap","dilahirkan"
"vpasif","pberpelengkap","dilaksanakan"
"vpasif","pberpelengkap","dilakukan"
"vpasif","pberpelengkap","dilakukannya"
"vpasif","pberpelengkap","dilanda"
"vpasif","pberpelengkap","dilanggar"
"vpasif","pberpelengkap","dilangsungkan"
"vpasif","pberpelengkap","dilanjutkan"
"vpasif","pberpelengkap","dilantik"
"vpasif","pberpelengkap","dilapisi"
"vpasif","pberpelengkap","dilaporkan"
"vpasif","pberpelengkap","dilarang"
"vpasif","pberpelengkap","dilatih"
"vpasif","pberpelengkap","dilatihkan"
"vpasif","pberpelengkap","dilayani"
"vpasif","pberpelengkap","dilengkapi"
"vpasif","pberpelengkap","dilepas"
"vpasif","pberpelengkap","dilepaskan"
"vpasif","pberpelengkap","diletakkan"
"vpasif","pberpelengkap","dilibatkan"
"vpasif","pberpelengkap","dilihat"
"vpasif","pberpelengkap","dilimpahkan"
"vpasif","pberpelengkap","dilindungi"
"vpasif","pberpelengkap","dilirik"
"vpasif","pberpelengkap","diloloskan"
"vpasif","pberpelengkap","dilunasi"
"vpasif","pberpelengkap","dimajukan"
"vpasif","pberpelengkap","dimaksud"
"vpasif","pberpelengkap","dimaksudkan"
"vpasif","pberpelengkap","dimaksudkannya"
"vpasif","pberpelengkap","dimanfaatkan"
"vpasif","pberpelengkap","dimasukkan"
"vpasif","pberpelengkap","dimekarkan"
"vpasif","pberpelengkap","dimeriahkan"
"vpasif","pberpelengkap","dimetabolisme"
"vpasif","pberpelengkap","dimiliki"
"vpasif","pberpelengkap","diminta"
"vpasif","pberpelengkap","dimintai"
"vpasif","pberpelengkap","dimodelkan"
"vpasif","pberpelengkap","dimodifikasi"
"vpasif","pberpelengkap","dimuat"
"vpasif","pberpelengkap","dimulai"
"vpasif","pberpelengkap","dimunculkan"
"vpasif","pberpelengkap","dimungkinkan"
"vpasif","pberpelengkap","dimusnahkan"
"vpasif","pberpelengkap","dinaikkan"
"vpasif","pberpelengkap","dinamakan"
"vpasif","pberpelengkap","dinilai"
"vpasif","pberpelengkap","dinormalisasi"
"vpasif","pberpelengkap","dinyatakan"
"vpasif","pberpelengkap","diolah"
"vpasif","pberpelengkap","dioperasikan"
"vpasif","pberpelengkap","diotorisasi"
"vpasif","pberpelengkap","dipacking"
"vpasif","pberpelengkap","dipakai"
"vpasif","pberpelengkap","dipamerkan"
"vpasif","pberpelengkap","dipancarkan"
"vpasif","pberpelengkap","dipandang"
"vpasif","pberpelengkap","dipanggil"
"vpasif","pberpelengkap","diparkir"
"vpasif","pberpelengkap","dipasang"
"vpasif","pberpelengkap","dipastikan"
"vpasif","pberpelengkap","dipecahkan"
"vpasif","pberpelengkap","dipelajari"
"vpasif","pberpelengkap","dipelihara"
"vpasif","pberpelengkap","dipengaruhi"
"vpasif","pberpelengkap","dipenuhi"
"vpasif","pberpelengkap","diperbaharui"
"vpasif","pberpelengkap","diperbaiki"
"vpasif","pberpelengkap","diperbarui"
"vpasif","pberpelengkap","diperbolehkan"
"vpasif","pberpelengkap","diperbudak"
"vpasif","pberpelengkap","diperdagangkan"
"vpasif","pberpelengkap","diperdebatkan"
"vpasif","pberpelengkap","dipergunakan"
"vpasif","pberpelengkap","dipergunakannya"
"vpasif","pberpelengkap","diperhamba"
"vpasif","pberpelengkap","diperhatikan"
"vpasif","pberpelengkap","diperhentikan"
"vpasif","pberpelengkap","diperhitungkan"
"vpasif","pberpelengkap","diperiksa"
"vpasif","pberpelengkap","diperjualbelikan"
"vpasif","pberpelengkap","diperkenalkan"
"vpasif","pberpelengkap","diperkenankan"
"vpasif","pberpelengkap","diperkirakan"
"vpasif","pberpelengkap","diperlukan"
"vpasif","pberpelengkap","diperoleh"
"vpasif","pberpelengkap","diperpanjang"
"vpasif","pberpelengkap","dipertahankan"
"vpasif","pberpelengkap","dipertimbangkan"
"vpasif","pberpelengkap","dipertukarkan"
"vpasif","pberpelengkap","dipetakan"
"vpasif","pberpelengkap","dipidana"
"vpasif","pberpelengkap","dipilih"
"vpasif","pberpelengkap","dipilihnya"
"vpasif","pberpelengkap","dipimpin"
"vpasif","pberpelengkap","dipinjam"
"vpasif","pberpelengkap","dipisahkan"
"vpasif","pberpelengkap","diplot"
"vpasif","pberpelengkap","dipoles"
"vpasif","pberpelengkap","dipopulerkan"
"vpasif","pberpelengkap","diprakarsai"
"vpasif","pberpelengkap","diproduksi"
"vpasif","pberpelengkap","diprogram"
"vpasif","pberpelengkap","dipungut"
"vpasif","pberpelengkap","diputar"
"vpasif","pberpelengkap","diputuskan"
"vpasif","pberpelengkap","dirahasiakannya"
"vpasif","pberpelengkap","dirakit"
"vpasif","pberpelengkap","dirampas"
"vpasif","pberpelengkap","dirancang"
"vpasif","pberpelengkap","dirasakan"
"vpasif","pberpelengkap","dirasakannya"
"vpasif","pberpelengkap","dirawat"
"vpasif","pberpelengkap","direalisasikan"
"vpasif","pberpelengkap","direndam"
"vpasif","pberpelengkap","direpresentasikan"
"vpasif","pberpelengkap","diresepkan"
"vpasif","pberpelengkap","diresmikan"
"vpasif","pberpelengkap","direstrukturisasi"
"vpasif","pberpelengkap","dirilis"
"vpasif","pberpelengkap","dirindukan"
"vpasif","pberpelengkap","diris"
"vpasif","pberpelengkap","dirugikan"
"vpasif","pberpelengkap","disahkan"
"vpasif","pberpelengkap","disajikan"
"vpasif","pberpelengkap","disalurkan"
"vpasif","pberpelengkap","disambungkan"
"vpasif","pberpelengkap","disambut"
"vpasif","pberpelengkap","disampaikan"
"vpasif","pberpelengkap","disandikan"
"vpasif","pberpelengkap","disangka"
"vpasif","pberpelengkap","disebabkan"
"vpasif","pberpelengkap","disebut"
"vpasif","pberpelengkap","disediakan"
"vpasif","pberpelengkap","diselenggarakan"
"vpasif","pberpelengkap","diselenggarakannya"
"vpasif","pberpelengkap","diselesaikan"
"vpasif","pberpelengkap","disemprotkan"
"vpasif","pberpelengkap","disengaja"
"vpasif","pberpelengkap","disentuh"
"vpasif","pberpelengkap","diserahkan"
"vpasif","pberpelengkap","diserbu"
"vpasif","pberpelengkap","disertai"
"vpasif","pberpelengkap","disesuaikan"
"vpasif","pberpelengkap","disetor"
"vpasif","pberpelengkap","disetujui"
"vpasif","pberpelengkap","disiapkan"
"vpasif","pberpelengkap","disiarkan"
"vpasif","pberpelengkap","disidik"
"vpasif","pberpelengkap","disiksa"
"vpasif","pberpelengkap","disimbolkan"
"vpasif","pberpelengkap","disingkat"
"vpasif","pberpelengkap","diskorsing"
"vpasif","pberpelengkap","disodori"
"vpasif","pberpelengkap","disukainya"
"vpasif","pberpelengkap","disusulkan"
"vpasif","pberpelengkap","disusun"
"vpasif","pberpelengkap","disutradarai"
"vpasif","pberpelengkap","ditagih"
"vpasif","pberpelengkap","ditahan"
"vpasif","pberpelengkap","ditamukan"
"vpasif","pberpelengkap","ditandatangani"
"vpasif","pberpelengkap","ditangani"
"vpasif","pberpelengkap","ditanganinya"
"vpasif","pberpelengkap","ditangkap"
"vpasif","pberpelengkap","ditantang"
"vpasif","pberpelengkap","ditarik"
"vpasif","pberpelengkap","ditawari"
"vpasif","pberpelengkap","ditawarkan"
"vpasif","pberpelengkap","ditayangkan"
"vpasif","pberpelengkap","ditegakkan"
"vpasif","pberpelengkap","ditegaskan"
"vpasif","pberpelengkap","ditekan"
"vpasif","pberpelengkap","diteliti"
"vpasif","pberpelengkap","ditelpon"
"vpasif","pberpelengkap","ditempuh"
"vpasif","pberpelengkap","ditempuhnya"
"vpasif","pberpelengkap","ditemukan"
"vpasif","pberpelengkap","ditemukembalikan"
"vpasif","pberpelengkap","ditentukan"
"vpasif","pberpelengkap","diterapkan"
"vpasif","pberpelengkap","diterbitkan"
"vpasif","pberpelengkap","diterima"
"vpasif","pberpelengkap","diterimanya"
"vpasif","pberpelengkap","diteruskan"
"vpasif","pberpelengkap","ditetapkan"
"vpasif","pberpelengkap","ditetapkannya"
"vpasif","pberpelengkap","ditimbulkan"
"vpasif","pberpelengkap","ditimbun"
"vpasif","pberpelengkap","ditimpakan"
"vpasif","pberpelengkap","ditindak"
"vpasif","pberpelengkap","ditingkatkan"
"vpasif","pberpelengkap","ditolerir"
"vpasif","pberpelengkap","ditransmisikan"
"vpasif","pberpelengkap","dituangkan"
"vpasif","pberpelengkap","ditujukan"
"vpasif","pberpelengkap","ditunda"
"vpasif","pberpelengkap","ditunjuk"
"vpasif","pberpelengkap","dituntaskan"
"vpasif","pberpelengkap","dituntut"
"vpasif","pberpelengkap","diturunkan"
"vpasif","pberpelengkap","ditusukkan"
"vpasif","pberpelengkap","diubah"
"vpasif","pberpelengkap","diuji"
"vpasif","pberpelengkap","diukur"
"vpasif","pberpelengkap","diundangkan"
"vpasif","pberpelengkap","diusulkan"
"vpasif","pberpelengkap","diutarakan"
"vpasif","pberpelengkap","diwajibkan"
"vpasif","pberpelengkap","diwarnai"
"vpasif","pberpelengkap","diyakini"
"vpasif","pberpelengkap","easycase"
"vpasif","pberpelengkap","file"
"vpasif","pberpelengkap","fourier"
"vpasif","pberpelengkap","freephone"
"vpasif","pberpelengkap","group"
"vpasif","pberpelengkap","hidrolisa"
"vpasif","pberpelengkap","infix"
"vpasif","pberpelengkap","k"
"vpasif","pberpelengkap","keluar"
"vpasif","pberpelengkap","ketahuan"
"vpasif","pberpelengkap","teradsorbsi"
"vpasif","pberpelengkap","terambil"
"vpasif","pberpelengkap","terbangkit"
"vpasif","pberpelengkap","terbatas"
"vpasif","pberpelengkap","terbunuh"
"vpasif","pberpelengkap","tercakup"
"vpasif","pberpelengkap","tercantum"
"vpasif","pberpelengkap","tercapai"
"vpasif","pberpelengkap","terdapat"
"vpasif","pberpelengkap","terdeposit"
"vpasif","pberpelengkap","terenkripsi"
"vpasif","pberpelengkap","tergabung"
"vpasif","pberpelengkap","tergeser"
"vpasif","pberpelengkap","terhitung"
"vpasif","pberpelengkap","terhubung"
"vpasif","pberpelengkap","terjadi"
"vpasif","pberpelengkap","terjadinya"
"vpasif","pberpelengkap","terjalin"
"vpasif","pberpelengkap","terkandung"
"vpasif","pberpelengkap","terkena"
"vpasif","pberpelengkap","terlacak"
"vpasif","pberpelengkap","terlampir"
"vpasif","pberpelengkap","terlepas"
"vpasif","pberpelengkap","terlihat"
"vpasif","pberpelengkap","terpadu"
"vpasif","pberpelengkap","terpenting"
"vpasif","pberpelengkap","terpikat"
"vpasif","pberpelengkap","terpilih"
"vpasif","pberpelengkap","terpisah"
"vpasif","pberpelengkap","terserap"
"vpasif","pberpelengkap","tersusun"
"vpasif","pberpelengkap","teruji"